folder,sample,E_g_eV,E_g_R2,E_g_conf,edge_slope,transition_width,E_u_meV,E_u_R2,E_u_conf,A_sub,A_sub_raw,A_sub_coverage,A_sub_conf,E_g_region_start,E_g_region_end,E_u_region_start,E_u_region_end,A_sub_region_start,A_sub_region_end,A_sub_ideal_start,macro_cluster,macro_cluster_prob,sub_cluster,full_label
cdefects_data/cdefects_003_data,bulk-g-c3n4,2.2609,0.993726,low,2.4504,0.2642,195.69,0.99989,high,0.038192,0.019096,1.0,high,2.706,2.9702,1.9551,2.118,1.618,2.118,1.618,1,0.9999995890992452,0,B.1
cdefects_data/cdefects_003_data,g-c3n4-v,2.6601,0.985211,low,3.0364,0.2589,227.18,0.999863,high,0.020545,0.010272,1.0,high,2.9147,3.1736,2.1705,2.337,1.837,2.337,1.837,0,0.7582542682964194,0,A.1
cdefects_data/cdefects_004_data,v-g-c3n4,2.629,0.987477,low,2.3385,0.1935,643.66,0.999874,high,0.1667,0.08335,1.0,high,2.9799,3.1734,2.3706,2.5467,2.0467,2.5467,2.0467,1,1.0,1,B.2
cdefects_data/cdefects_006_data,scnnss,2.4667,0.999673,high,1.8859,0.3973,81.95,0.995195,high,0.08005,0.040025,1.0,high,2.7737,3.171,2.2565,2.3796,1.8796,2.3796,1.8796,1,1.0,0,B.1
cdefects_data/cdefects_007_data,cn-at,2.1585,0.991967,low,2.0453,0.3146,260.27,0.997308,high,0.056,0.026909,0.961,high,2.746,3.0605,1.9074,2.0437,1.5631,2.0437,1.5437,1,0.9999999999074207,0,B.1
cdefects_data/cdefects_007_data,cn-atas,2.2601,0.998028,medium,2.1219,0.3129,381.62,0.998402,high,0.074046,0.037023,1.0,high,2.8369,3.1498,1.9477,2.0801,1.5801,2.0801,1.5801,1,0.9999999999989457,0,B.1
cdefects_data/cdefects_007_data,cn-mix1,2.1624,0.993449,low,2.1746,0.2822,208.09,0.991305,medium,0.0556,0.0278,1.0,high,2.7204,3.0025,1.8815,2.0647,1.5647,2.0647,1.5647,1,0.9999999999954641,0,B.1
cdefects_data/cdefects_007_data,cn-mix3,2.3203,0.97966,low,2.0791,0.3042,270.21,0.999904,high,0.060254,0.030127,1.0,high,2.8512,3.1554,1.9779,2.1166,1.6166,2.1166,1.6166,1,0.9999999999636469,0,B.1
cdefects_data/cdefects_007_data,cn-mix5,2.271,0.992015,low,2.4472,0.3146,154.44,0.999444,high,0.05972,0.027791,0.9307,high,2.7568,3.0714,1.896,2.0228,1.5575,2.0228,1.5228,1,0.9999999999999862,0,B.1
cdefects_data/cdefects_010_data,g-c3n4,2.5441,0.992825,low,2.9378,0.2573,270.86,0.999213,high,0.011983,0.005992,1.0,high,2.7595,3.0168,2.3184,2.4464,1.9464,2.4464,1.9464,0,0.9558070311133278,0,A.1
cdefects_data/cdefects_010_data,ns-g-c3n4,2.5363,0.99812,medium,2.4609,0.2262,412.98,0.998811,high,0.064433,0.032217,1.0,high,2.9455,3.1718,2.3251,2.4539,1.9539,2.4539,1.9539,1,0.9999999991248454,1,B.2
cdefects_data/cdefects_012_data,t500,2.4922,0.995754,low,2.8708,0.236,490.68,0.999931,high,0.09737,0.048685,1.0,high,2.8099,3.0459,2.1582,2.3991,1.8991,2.3991,1.8991,1,1.0,1,B.2
cdefects_data/cdefects_012_data,tn500,2.5769,0.995659,low,3.0923,0.2397,516.44,0.999931,high,0.092163,0.046081,1.0,high,2.8315,3.0713,2.1632,2.3399,1.8399,2.3399,1.8399,1,0.9999999999999987,1,B.2
cdefects_data/cdefects_013_data,bulk-cn,2.5131,0.994178,low,3.1915,0.235,226.1,0.999803,high,0.00052,0.00026,1.0,high,2.7503,2.9853,2.2178,2.3408,1.8408,2.3408,1.8408,0,0.9654620440244558,0,A.1
cdefects_data/cdefects_013_data,bulk-cvcn,2.4261,0.995911,low,3.1154,0.2156,286.57,0.999879,high,0.002749,0.001375,1.0,high,2.7234,2.939,2.0393,2.1873,1.6873,2.1873,1.6873,0,0.895054414218651,0,A.1
cdefects_data/cdefects_014_data,g-c3n4,2.6954,0.996696,low,3.5595,0.2097,204.0,0.9998,high,0.003306,0.001653,1.0,high,2.8492,3.059,2.2144,2.3946,1.8946,2.3946,1.8946,0,0.9987443785440323,0,A.1
cdefects_data/cdefects_014_data,h2-co2-pcn,2.6758,0.9975,medium,3.0776,0.2381,309.15,0.999326,high,0.020565,0.010282,1.0,high,2.92,3.1582,2.3672,2.5485,2.0485,2.5485,2.0485,0,0.8862155594483558,0,A.1
cdefects_data/cdefects_015_data,un-cn,2.5685,0.988861,low,2.7951,0.3782,777.48,0.98697,medium,0.022626,0.011313,1.0,high,2.7598,3.138,2.0511,2.244,1.744,2.244,1.744,0,0.961697214658205,2,A.3
cdefects_data/cdefects_016_data,bcn,2.3535,0.995878,low,1.1848,0.2765,237.35,0.995091,high,0.024892,0.012446,1.0,high,2.8799,3.1565,1.8186,2.2577,1.7577,2.2577,1.7577,1,0.9892637126590373,0,B.1
cdefects_data/cdefects_016_data,pdcn,2.421,0.999064,high,1.3594,0.3264,254.47,0.999309,high,0.049387,0.024694,1.0,high,2.8204,3.1468,2.1673,2.3292,1.8292,2.3292,1.8292,1,0.9999999642825024,0,B.1
cdefects_data/cdefects_016_data,s-cn,2.245,0.997989,medium,1.4315,0.2258,225.46,0.999729,high,0.061701,0.02714,0.8797,high,2.721,2.9468,1.853,1.9911,1.5513,1.9911,1.4911,1,0.9999999999993481,0,B.1
cyanodefects_data/cyanodefects_003_data,coc30,2.3018,0.989597,low,1.9365,0.3065,287.8,0.998406,high,0.085426,0.04144,0.9702,high,2.9453,3.2518,1.8922,2.0372,1.5521,2.0372,1.5372,1,1.0,0,B.1
cyanodefects_data/cyanodefects_003_data,gcn,2.6265,0.994681,low,3.1078,0.2677,254.06,0.999882,high,0.006279,0.00314,1.0,high,2.8566,3.1243,2.1792,2.3738,1.8738,2.3738,1.8738,0,0.9938509178613946,0,A.1
cyanodefects_data/cyanodefects_004_data,5bacn-c3n4,2.3936,0.99328,low,2.1798,0.2328,139.4,0.999559,high,0.005893,0.002934,0.9959,high,2.896,3.1288,2.0722,2.3014,1.8034,2.3014,1.8014,1,0.5095693700545414,0,B.1
cyanodefects_data/cyanodefects_007_data,cn-h,2.354,0.990272,low,2.2859,0.2982,264.65,0.998872,high,0.144106,0.064058,0.889,high,2.7979,3.0961,1.8406,2.0064,1.5619,2.0064,1.5064,1,1.0,0,B.1
cyanodefects_data/cyanodefects_007_data,cn,2.4367,0.989225,low,3.0105,0.2258,247.02,0.998383,high,0.082502,0.041251,1.0,high,2.7769,3.0027,1.9052,2.2219,1.7219,2.2219,1.7219,1,1.0,0,B.1
cyanodefects_data/cyanodefects_007_data,mm-h,2.3864,0.994658,low,2.5812,0.254,337.22,0.99662,high,0.152887,0.076443,1.0,high,2.7712,3.0253,2.1101,2.2909,1.7909,2.2909,1.7909,1,1.0,0,B.1
cyanodefects_data/cyanodefects_010_data,ms-500,2.596,0.997944,medium,5.4979,0.1339,163.47,0.996649,high,0.032204,0.013335,0.8282,high,2.771,2.9049,2.3454,2.487,2.073,2.487,1.987,1,0.9995890101312915,0,B.1
cyanodefects_data/cyanodefects_010_data,ms-600,2.7891,0.997349,medium,3.5413,0.2167,268.91,0.998866,high,0.065927,0.032964,1.0,high,3.0963,3.313,2.5595,2.696,2.196,2.696,2.196,1,0.9999999999936033,1,B.2
cyanodefects_data/cyanodefects_011_data,g-c3n4-300,2.5113,0.994609,low,3.0563,0.1994,410.91,0.999984,high,0.055205,0.027603,1.0,high,2.8088,3.0083,2.2348,2.372,1.872,2.372,1.872,1,0.9999997928569854,1,B.2
cyanodefects_data/cyanodefects_011_data,g-c3n4-350,2.3649,0.994131,low,2.2404,0.2353,350.13,0.999786,high,0.042462,0.021231,1.0,high,2.8467,3.082,2.1125,2.2346,1.7346,2.2346,1.7346,1,0.9999585011587884,1,B.2
cyanodefects_data/cyanodefects_011_data,g-c3n4-400,2.1803,0.993038,low,1.7935,0.2816,279.71,0.999579,high,0.081306,0.040653,1.0,high,2.8383,3.1199,1.9584,2.0853,1.5853,2.0853,1.5853,1,1.0,0,B.1
cyanodefects_data/cyanodefects_011_data,g-c3n4-Ar-425,2.5436,0.996825,low,3.1686,0.2072,391.22,0.999952,high,0.049844,0.024922,1.0,high,2.7932,3.0004,2.198,2.3591,1.8591,2.3591,1.8591,1,0.9999967760759022,1,B.2
cyanodefects_data/cyanodefects_011_data,g-c3n4,2.5624,0.991432,low,3.3483,0.2506,234.11,0.999805,high,0.006614,0.003307,1.0,high,2.7799,3.0306,2.2784,2.452,1.952,2.452,1.952,0,0.9833036707615346,0,A.1
cyanodefects_data/cyanodefects_013_data,a,2.4702,0.992595,low,2.6268,0.2471,285.35,0.998055,high,0.037524,0.018762,1.0,high,2.797,3.0441,1.928,2.1003,1.6003,2.1003,1.6003,1,0.9997900647504105,0,B.1
cyanodefects_data/cyanodefects_013_data,b,2.644,0.988598,low,3.4339,0.188,555.28,0.999906,high,0.101447,0.050723,1.0,high,2.8937,3.0817,2.3013,2.4512,1.9512,2.4512,1.9512,1,1.0,1,B.2
cyanodefects_data/cyanodefects_014_data,dcn-3,2.6724,0.989689,low,3.3012,0.3513,514.84,0.999969,high,0.014332,0.007166,1.0,high,2.8237,3.175,2.3991,2.5625,2.0625,2.5625,2.0625,0,0.9865575813030406,0,A.1
cyanodefects_data/cyanodefects_014_data,g-c3n4,2.8991,0.949091,low,3.6151,0.34,149.81,0.999917,high,0.000171,8.6e-05,1.0,high,2.9326,3.2726,2.54,2.8016,2.3016,2.8016,2.3016,0,0.9999921027529005,1,A.2
elementdoped_data/cdoped_003_data,ucn,2.6188,0.986549,low,2.7662,0.185,323.8,0.993846,medium,0.14108,0.068505,0.9712,high,3.0158,3.2008,2.3684,2.4943,2.0087,2.4943,1.9943,1,1.0,1,B.2
elementdoped_data/cdoped_004_data,cntcne-10,2.4472,0.996092,low,2.4292,0.2629,318.04,0.999798,high,0.021945,0.010973,1.0,high,2.8959,3.1588,2.2234,2.3632,1.8632,2.3632,1.8632,1,0.6078653958833954,0,B.1
elementdoped_data/cdoped_004_data,cntcne-20,2.3299,0.99326,low,2.037,0.3097,266.85,0.999805,high,0.032763,0.016381,1.0,high,2.8738,3.1834,1.9694,2.1252,1.6252,2.1252,1.6252,1,0.9995534484065253,0,B.1
elementdoped_data/cdoped_004_data,cntcne-40,2.2271,0.995719,low,1.8461,0.3346,313.2,0.999289,high,0.048182,0.024091,1.0,high,2.8221,3.1567,1.9344,2.0616,1.5616,2.0616,1.5616,1,0.9999997949960552,0,B.1
elementdoped_data/codoped_001_data,co,2.3742,0.987503,low,2.148,0.3111,623.46,0.998013,high,0.050074,0.025037,1.0,high,2.7282,3.0393,2.1153,2.2741,1.7741,2.2741,1.7741,1,0.9997208570185386,1,B.2
elementdoped_data/codoped_001_data,fe-co,2.4048,0.994875,low,2.6,0.2303,144.39,0.97829,low,0.06391,0.028928,0.9053,high,2.75,2.9803,1.8927,2.0145,1.5619,2.0145,1.5145,1,0.9999999999999982,0,B.1
elementdoped_data/codoped_001_data,fe,2.3806,0.977066,low,2.27,0.2722,111.08,0.982914,medium,0.065241,0.027575,0.8453,high,2.7228,2.995,1.8508,1.9773,1.5547,1.9773,1.4773,1,1.0,0,B.1
elementdoped_data/codoped_001_data,pure,2.3653,0.994936,low,2.4076,0.2881,175.81,0.999866,high,0.047878,0.023939,1.0,high,2.6941,2.9823,2.0395,2.2004,1.7004,2.2004,1.7004,1,0.9999999990903818,0,B.1
elementdoped_data/codoped_002_data,acn,2.1581,0.991152,low,1.757,0.4294,342.56,0.998605,high,0.15801,0.077677,0.9832,high,2.8512,3.2806,1.9227,2.0498,1.5582,2.0498,1.5498,1,1.0,0,B.1
elementdoped_data/codoped_002_data,bcn,2.4126,0.991771,low,2.5835,0.3321,279.93,0.999127,high,0.034174,0.017087,1.0,high,2.7395,3.0716,1.9396,2.2822,1.7822,2.2822,1.7822,1,0.9992902518966823,0,B.1
elementdoped_data/cudoped_001_data,cu-cn-ar-6min,2.6874,0.998684,medium,3.1458,0.2932,282.94,0.99949,high,0.013452,0.006726,1.0,high,2.8582,3.1514,2.3188,2.603,2.103,2.603,2.103,0,0.9887392171806196,0,A.1
elementdoped_data/cudoped_001_data,cu-cn-co2-12min,2.8424,0.998512,medium,4.0803,0.2505,110.81,0.9986,high,9e-06,5e-06,1.0,high,2.9221,3.1726,2.3324,2.5338,2.0338,2.5338,2.0338,0,0.9999913566759805,1,A.2
elementdoped_data/cudoped_001_data,cu-cn-co2-6min,2.67,0.996804,low,3.5322,0.2746,208.99,0.997989,high,0.016546,0.008273,1.0,high,2.8314,3.106,2.2735,2.4748,1.9748,2.4748,1.9748,0,0.9440853181692442,0,A.1
elementdoped_data/cudoped_001_data,g-c3n4,2.6706,0.997782,medium,3.0315,0.3056,233.67,0.999092,high,0.022484,0.011242,1.0,high,2.863,3.1686,2.1599,2.3613,1.8613,2.3613,1.8613,0,0.6061710417233006,0,A.1
elementdoped_data/idoped_001_data,cn,2.455,0.995815,low,2.7336,0.2573,303.49,0.999837,high,0.042795,0.021398,1.0,high,2.8109,3.0682,1.9775,2.1409,1.6409,2.1409,1.6409,1,0.9999850517358448,0,B.1
elementdoped_data/idoped_001_data,cni10,2.1742,0.996036,low,1.9668,0.3043,179.81,0.999434,high,0.052224,0.021874,0.8377,high,2.7568,3.0612,1.856,1.9775,1.5586,1.9775,1.4775,1,0.9999999999943583,0,B.1
elementdoped_data/ladoped_001_data,0001la-doped-c3n4,2.6807,0.987655,low,32.147,0.3047,154.36,0.999798,high,0.000118,5.9e-05,1.0,high,2.7522,3.0569,2.2449,2.3927,1.8927,2.3927,1.8927,0,0.9991663674792163,1,A.2
elementdoped_data/ladoped_001_data,001la-doped-c3n4,2.6911,0.98799,low,36.4772,0.2767,156.75,0.999618,high,0.000552,0.000276,1.0,high,2.8011,3.0778,2.3,2.5733,2.0733,2.5733,2.0733,0,0.9992974351687688,1,A.2
elementdoped_data/ladoped_001_data,01la-doped-c3n4,2.6797,0.994539,low,36.4661,0.2521,148.11,0.999977,high,0.0003,0.00015,1.0,high,2.7828,3.035,2.3005,2.4491,1.9491,2.4491,1.9491,0,0.9992038958411327,1,A.2
elementdoped_data/ladoped_001_data,05la-doped-c3n4,2.6575,0.998581,medium,44.4851,0.1561,141.82,0.998842,high,0.004379,0.00219,1.0,high,2.8182,2.9743,2.3121,2.4595,1.9595,2.4595,1.9595,0,0.9978955035700436,1,A.2
elementdoped_data/ladoped_001_data,1la-doped-c3n4,2.6908,0.996389,low,39.4786,0.2042,153.18,0.999868,high,0.001629,0.000814,1.0,high,2.8037,3.0079,2.3658,2.5703,2.0703,2.5703,2.0703,0,0.999262485760576,1,A.2
elementdoped_data/ladoped_001_data,pure-c3n4,2.6723,0.983882,low,29.96,0.3801,136.96,0.99988,high,5e-06,2e-06,0.9457,high,2.7181,3.0982,2.2369,2.3846,1.9118,2.3846,1.8846,0,0.9991941781481375,1,A.2
elementdoped_data/nddoped_001_data,hgcn,2.0805,0.998334,medium,7.3977,0.7104,89.59,0.979869,low,9.2e-05,4.4e-05,0.9641,high,2.6094,3.3198,1.6596,1.9274,1.4453,1.9274,1.4274,1,0.999947584106239,0,B.1
elementdoped_data/nddoped_001_data,ndgcn,2.7408,0.997836,medium,8.6803,0.4439,257.04,0.997142,high,0.00018,9e-05,1.0,high,3.0816,3.5256,2.1953,2.4631,1.9631,2.4631,1.9631,0,0.998910215825038,0,A.1
elementdoped_data/odoped_001_data,cn,2.6184,0.998556,medium,3.3858,0.2435,258.96,0.999129,high,0.010863,0.005432,1.0,high,2.8236,3.0672,2.2989,2.5047,2.0047,2.5047,2.0047,0,0.9856561230817616,0,A.1
elementdoped_data/odoped_001_data,cnca01,2.4893,0.998461,medium,2.9248,0.2667,216.37,0.99778,high,0.008226,0.004113,1.0,high,2.7743,3.041,2.0242,2.3667,1.8667,2.3667,1.8667,0,0.9282488540091661,0,A.1
elementdoped_data/odoped_001_data,cnca02,2.2366,0.998442,medium,2.0875,0.5442,249.69,0.999668,high,0.011387,0.005694,1.0,high,2.5787,3.1228,2.011,2.1392,1.6392,2.1392,1.6392,1,0.8267778078551086,0,B.1
elementdoped_data/odoped_001_data,cnca03,2.076,0.998726,medium,1.8383,0.6605,196.87,0.999542,high,0.015356,0.006257,0.815,high,2.4755,3.136,1.8279,1.9557,1.5482,1.9557,1.4557,1,0.9990062463268836,0,B.1
elementdoped_data/odoped_002_data,cn,2.5489,0.996149,low,3.2954,0.2072,253.87,0.999919,high,0.011481,0.00574,1.0,high,2.7288,2.9361,2.245,2.4208,1.9208,2.4208,1.9208,0,0.9581031292464626,0,A.1
elementdoped_data/odoped_002_data,oxcn1,2.7019,0.998631,medium,3.1758,0.2695,266.09,0.995295,high,0.003696,0.001848,1.0,high,2.8764,3.1459,2.3141,2.6134,2.1134,2.6134,2.1134,0,0.9980957148656001,0,A.1
elementdoped_data/odoped_002_data,oxcn2,2.7086,0.996799,low,2.7564,0.2649,212.22,0.99996,high,0.020284,0.010142,1.0,high,2.9044,3.1693,2.3953,2.5607,2.0607,2.5607,2.0607,0,0.8466073270815819,0,A.1
elementdoped_data/odoped_002_data,oxcn3,2.7538,0.973569,low,2.7945,0.2762,264.64,0.998019,high,0.012982,0.006491,1.0,high,2.9155,3.1918,2.3675,2.564,2.064,2.564,2.064,0,0.9952986753456851,0,A.1
elementdoped_data/ptdoped_001_data,g-c3n4,2.2998,0.997351,medium,1.9695,0.2829,196.3,0.999742,high,0.019842,0.009921,1.0,high,2.8817,3.1646,1.9208,2.2107,1.7107,2.2107,1.7107,1,0.9888695994452282,0,B.1
elementdoped_data/ptdoped_001_data,pt-cn-a100,2.3554,0.994867,low,2.1517,0.3393,314.66,0.99966,high,0.073377,0.036688,1.0,high,2.7789,3.1182,1.9013,2.2522,1.7522,2.2522,1.7522,1,0.9999999999998961,0,B.1
elementdoped_data/ptdoped_001_data,pt-cn-a20,2.3364,0.994493,low,2.2066,0.2923,226.25,0.99979,high,0.026213,0.013107,1.0,high,2.7758,3.0681,1.9904,2.1477,1.6477,2.1477,1.6477,1,0.996755083135853,0,B.1
elementdoped_data/ptdoped_001_data,pt-cn-a200,2.1737,0.995595,low,1.8066,0.3169,394.5,0.999599,high,0.133297,0.066648,1.0,high,2.7931,3.11,1.9547,2.0846,1.5846,2.0846,1.5846,1,1.0,0,B.1
elementdoped_data/ptdoped_001_data,pt-cn-a50,2.353,0.995857,low,2.2253,0.2888,268.93,0.999863,high,0.035328,0.017664,1.0,high,2.7817,3.0705,1.9377,2.0652,1.5652,2.0652,1.5652,1,0.9998460386982878,0,B.1
elementdoped_data/sdoped_002_data,bulk-scn,2.7213,0.999108,high,9.0169,0.2003,111.39,0.999416,high,5.9e-05,2.7e-05,0.9267,high,2.8215,3.0218,2.4518,2.6225,2.1591,2.6225,2.1225,0,0.9998263910194806,1,A.2
elementdoped_data/sdoped_002_data,scnnss,2.9611,0.9975,medium,14.7823,0.1272,109.77,0.99914,high,1e-06,1e-06,1.0,high,3.0619,3.1891,2.5939,2.717,2.217,2.717,2.217,0,0.9999995124075419,1,A.2
ndefects_data/ndefects_002_data,02-p1-c3n4,2.5607,0.998493,medium,1.7888,0.2742,301.09,0.998692,high,0.140776,0.070388,1.0,high,3.1755,3.4498,2.3002,2.4627,1.9627,2.4627,1.9627,1,1.0,1,B.2
ndefects_data/ndefects_002_data,02-p2-c3n4,2.5563,0.997305,medium,1.7384,0.3246,305.86,0.998059,high,0.128788,0.064394,1.0,high,3.2103,3.5349,2.3031,2.4656,1.9656,2.4656,1.9656,1,1.0,1,B.2
ndefects_data/ndefects_002_data,08-p1-c3n4,2.6648,0.998177,medium,1.9717,0.394,344.31,0.999805,high,0.084156,0.042078,1.0,high,3.1383,3.5323,2.4038,2.5662,2.0662,2.5662,2.0662,1,0.9999999999999991,1,B.2
ndefects_data/ndefects_002_data,08-p2-c3n4,2.293,0.998085,medium,1.4565,0.3333,343.77,0.997948,high,0.138284,0.069142,1.0,high,3.2328,3.5661,2.04,2.2024,1.7024,2.2024,1.7024,1,1.0,0,B.1
ndefects_data/ndefects_002_data,32-p1-c3n4,2.6269,0.999355,high,1.9071,0.4192,348.87,0.99978,high,0.095912,0.047956,1.0,high,3.1407,3.5599,2.1053,2.5278,2.0278,2.5278,2.0278,1,1.0,1,B.2
ndefects_data/ndefects_002_data,c3n4,2.6548,0.994952,low,2.5141,0.2685,399.36,0.999534,high,0.11715,0.058575,1.0,high,3.082,3.3505,2.2588,2.4375,1.9375,2.4375,1.9375,1,1.0,1,B.2
ndefects_data/ndefects_002_data,g-c3n4,2.6786,0.997095,medium,2.0357,0.2833,363.8,0.999856,high,0.166227,0.083113,1.0,high,3.2397,3.523,2.2026,2.3651,1.8651,2.3651,1.8651,1,1.0,1,B.2
ndefects_data/ndefects_003_data,11nhpo-c3n4,2.4413,0.990938,low,2.4354,0.2103,133.18,0.998737,high,0.091085,0.038212,0.839,high,2.7745,2.9848,2.0601,2.194,1.7745,2.194,1.694,1,1.0,0,B.1
ndefects_data/ndefects_003_data,13nhpo-c3n4,2.4804,0.997023,medium,2.4522,0.1929,142.69,0.999039,high,0.087348,0.040645,0.9307,high,2.8274,3.0204,2.111,2.2444,1.7791,2.2444,1.7444,1,1.0,0,B.1
ndefects_data/ndefects_003_data,7nhpo-c3n4,2.4307,0.998477,medium,2.5316,0.1574,253.33,0.999095,high,0.078388,0.039194,1.0,high,2.7756,2.933,2.1814,2.3445,1.8445,2.3445,1.8445,1,0.9999999999999996,0,B.1
ndefects_data/ndefects_003_data,c3n4,2.4324,0.99864,medium,2.5392,0.1524,195.67,0.999638,high,0.091104,0.045552,1.0,high,2.7869,2.9393,2.1998,2.3445,1.8445,2.3445,1.8445,1,1.0,0,B.1
ndefects_data/ndefects_004_data,a-c3n4,2.5728,0.997983,medium,3.1575,0.2062,236.18,0.999867,high,0.003336,0.001668,1.0,high,2.7975,3.0037,2.2602,2.4786,1.9786,2.4786,1.9786,0,0.9885127404818678,0,A.1
ndefects_data/ndefects_004_data,b-c3n4,2.0445,0.997742,medium,1.4336,0.3494,211.23,0.9978,high,0.05903,0.024118,0.8171,high,2.824,3.1734,1.7597,1.9616,1.553,1.9616,1.4616,1,0.9999999999998241,0,B.1
ndefects_data/ndefects_005_data,p-c3n4,2.86,0.997765,medium,4.6866,0.1389,273.22,0.999137,high,0.008144,0.004072,1.0,medium,3.0229,3.1618,2.3157,2.7316,2.2316,2.7316,2.2316,0,0.9995594991957635,0,A.1
ndefects_data/ndefects_006_data,cn,2.4996,0.9971,medium,2.1346,0.2837,231.4,0.999879,high,0.006054,0.003027,1.0,high,2.8372,3.1209,2.1564,2.3471,1.8471,2.3471,1.8471,0,0.9573587146282446,0,A.1
ndefects_data/ndefects_006_data,ncn,2.4807,0.981214,low,2.6923,0.1868,379.72,0.996029,high,0.362819,0.18141,1.0,high,3.0323,3.2191,2.1937,2.3843,1.8843,2.3843,1.8843,1,1.0,1,B.2
ndefects_data/ndefects_007_data,cn,2.7698,0.999277,high,9.9423,0.2713,215.18,0.999724,high,0.001601,0.000801,1.0,high,2.9106,3.1818,2.2525,2.4601,1.9601,2.4601,1.9601,0,0.9996313260841455,0,A.1
ndefects_data/ndefects_007_data,cn10,2.7714,0.998306,medium,9.9219,0.1881,422.5,0.999932,high,0.006714,0.003357,1.0,high,3.0047,3.1928,2.4724,2.6798,2.1798,2.6798,2.1798,0,0.9969472331829967,0,A.1
ndefects_data/ndefects_007_data,cn15,2.7246,0.998268,medium,9.4799,0.1895,426.41,0.99956,high,0.00683,0.003415,1.0,high,2.9812,3.1708,2.4629,2.6358,2.1358,2.6358,2.1358,0,0.9955979725257817,0,A.1
ndefects_data/ndefects_007_data,cn5,2.7883,0.99574,low,10.4345,0.1846,314.76,0.999867,high,0.002495,0.001247,1.0,high,2.9751,3.1598,2.4285,2.636,2.136,2.636,2.136,0,0.9989666988463227,0,A.1
ndefects_data/ndefects_008_data,g-c3n4-001,2.4658,0.992691,low,2.3248,0.2563,184.72,0.997697,high,0.057306,0.028653,1.0,high,2.7923,3.0486,2.1907,2.3315,1.8315,2.3315,1.8315,1,0.9999999999926139,0,B.1
ndefects_data/ndefects_008_data,g-c3n4-003,2.426,0.993287,low,2.3306,0.244,145.33,0.998185,high,0.050926,0.025463,1.0,high,2.7727,3.0167,1.8964,2.2688,1.7688,2.2688,1.7688,1,0.9999999999727152,0,B.1
ndefects_data/ndefects_008_data,g-c3n4-005,2.4043,0.997547,medium,2.1766,0.2433,90.08,0.998725,high,0.049965,0.024982,1.0,high,2.7976,3.0409,2.0017,2.1854,1.6854,2.1854,1.6854,1,0.9999999999998472,0,B.1
ndefects_data/ndefects_008_data,g-c3n4-007,2.3459,0.996703,low,2.0536,0.2725,166.57,0.999421,high,0.038503,0.019251,1.0,high,2.7899,3.0624,2.0502,2.1973,1.6973,2.1973,1.6973,1,0.999999795936191,0,B.1
ndefects_data/ndefects_008_data,g-c3n4,2.4385,0.996848,low,2.1435,0.2804,239.04,0.994215,medium,0.03784,0.01892,1.0,high,2.7875,3.068,2.1949,2.3342,1.8342,2.3342,1.8342,1,0.9999701414518637,0,B.1
ndefects_data/ndefects_009_data,1egcn,2.5006,0.987758,low,3.0152,0.2663,275.53,0.999968,high,0.005824,0.002842,0.976,high,2.785,3.0514,2.1179,2.257,1.769,2.257,1.757,0,0.9649287910640298,0,A.1
ndefects_data/ndefects_009_data,3egcn,2.4486,0.986748,low,3.0359,0.3008,309.42,0.999765,high,0.076315,0.038158,1.0,high,2.7364,3.0372,2.1814,2.3293,1.8293,2.3293,1.8293,1,0.9999999999999827,0,B.1
ndefects_data/ndefects_009_data,4egcn,2.3697,0.990582,low,2.7687,0.3178,444.22,0.999423,high,0.048533,0.024267,1.0,high,2.7336,3.0514,2.0557,2.2146,1.7146,2.2146,1.7146,1,0.9999823492585657,1,B.2
ndefects_data/ndefects_010_data,d3-g-c3n4,2.3397,0.999484,high,1.5938,0.3736,151.87,0.999645,high,0.000953,0.000476,1.0,high,2.7889,3.1625,1.9914,2.1896,1.6896,2.1896,1.6896,1,0.6518211860506783,0,B.1
ndefects_data/ndefects_010_data,g-c3n4,2.5911,0.994754,low,2.8703,0.1857,236.77,0.999856,high,0.002699,0.00135,1.0,high,2.7889,2.9746,2.2232,2.4276,1.9276,2.4276,1.9276,0,0.9914607420848833,0,A.1
ndefects_data/ndefects_021_data,bcn,2.5929,0.994206,low,3.4059,0.2136,318.12,0.999979,high,0.02046,0.01023,1.0,high,2.7858,2.9994,2.0548,2.1934,1.6934,2.1934,1.6934,0,0.8094468380467555,0,A.1
ndefects_data/ndefects_021_data,tpcn2,2.47,0.99466,low,2.0436,0.291,358.3,0.999949,high,0.026661,0.013331,1.0,high,2.8311,3.1221,2.0811,2.2234,1.7234,2.2234,1.7234,1,0.8116437187826523,0,B.1
ndefects_data/ndefects_021_data,tpcn5,2.4424,0.992993,low,1.7434,0.3104,300.13,0.999934,high,0.016267,0.008134,1.0,high,2.822,3.1324,1.9559,2.0811,1.5811,2.0811,1.5811,0,0.7459721727729686,0,A.1
ndefects_data/ndefects_021_data,tpcn8,2.4815,0.995563,low,2.0488,0.274,505.51,0.999911,high,0.041785,0.020893,1.0,high,2.848,3.122,2.1206,2.2686,1.7686,2.2686,1.7686,1,0.9978114439672243,1,B.2
ndefects_data/ndefects_030_data,cn,2.4327,0.983501,low,2.1144,0.375,210.25,0.999689,high,0.053351,0.026675,1.0,high,2.6356,3.0106,1.9609,2.0882,1.5882,2.0882,1.5882,1,0.9999999996427213,0,B.1
ndefects_data/ndefects_030_data,vcn-500,2.3568,0.973534,low,1.7396,0.4222,661.55,0.999925,high,0.137508,0.068754,1.0,high,2.6592,3.0814,2.0493,2.1888,1.6888,2.1888,1.6888,1,1.0,1,B.2
ndefects_data/ndefects_030_data,vcn-550,2.278,0.977535,low,1.8741,0.4096,260.86,0.999017,high,0.11371,0.053481,0.9407,high,2.6234,3.033,1.8481,2.0218,1.5515,2.0218,1.5218,1,1.0,0,B.1
ndefects_data/ndefects_030_data,vcn-600,2.2157,0.984345,low,1.8228,0.3558,281.94,0.999733,high,0.113986,0.052891,0.928,high,2.6487,3.0045,1.8775,2.0189,1.5549,2.0189,1.5189,1,1.0,0,B.1
ndefects_data/ndefects_038_data,125agi-cn,2.4176,0.996099,low,2.8451,0.2329,292.82,0.999873,high,0.041525,0.020763,1.0,high,2.7326,2.9655,2.0744,2.2725,1.7725,2.2725,1.7725,1,0.9999824464378596,0,B.1
ndefects_data/ndefects_038_data,25agi-cn,2.3973,0.998205,medium,2.9154,0.2018,239.85,0.998554,high,0.062481,0.03007,0.9625,high,2.7467,2.9485,1.9034,2.0376,1.5563,2.0376,1.5376,1,0.9999999999969789,0,B.1
ndefects_data/ndefects_038_data,5agi-cn,2.3689,0.997431,medium,2.8564,0.1985,265.56,0.999929,high,0.055051,0.027525,1.0,high,2.7182,2.9166,2.0799,2.2432,1.7432,2.2432,1.7432,1,0.9999999989205399,0,B.1
ndefects_data/ndefects_038_data,cn,2.4202,0.995148,low,2.6967,0.227,354.91,0.999679,high,0.061292,0.030646,1.0,high,2.7494,2.9764,2.1249,2.3332,1.8332,2.3332,1.8332,1,0.9999999990595736,1,B.2
ndefects_data/ndefects_039_data,a,2.5097,0.989409,low,2.9366,0.2376,358.6,0.999262,high,0.00204,0.00102,1.0,high,2.7325,2.9701,2.1953,2.3975,1.8975,2.3975,1.8975,0,0.9609459552631942,0,A.1
ndefects_data/ndefects_039_data,f,2.1223,0.960938,low,1.3608,0.3621,190.16,0.999807,high,0.095297,0.046514,0.9762,high,2.837,3.1992,1.8271,2.042,1.5539,2.042,1.542,1,1.0,0,B.1
ndefects_data/ndefects_040_data,a,2.4633,0.997566,medium,2.9011,0.2076,276.62,0.999821,high,0.002583,0.001291,1.0,high,2.7387,2.9463,2.1232,2.3809,1.8809,2.3809,1.8809,0,0.9356604905100718,0,A.1
ndefects_data/ndefects_040_data,b,2.3049,0.996923,low,2.3564,0.2416,253.7,0.999957,high,0.025717,0.012859,1.0,high,2.6971,2.9386,2.0647,2.2101,1.7101,2.2101,1.7101,1,0.9933676197066891,0,B.1
ndefects_data/ndefects_042_data,cn,2.6869,0.992928,low,2.8905,0.2288,229.98,0.999677,high,0.002804,0.001402,1.0,high,2.9204,3.1492,2.3878,2.5952,2.0952,2.5952,2.0952,0,0.9982562713589495,0,A.1
ndefects_data/ndefects_042_data,odh-cn1,2.7033,0.979404,low,3.2484,0.2326,256.18,0.997344,high,0.002053,0.001026,1.0,high,2.9616,3.1942,2.2475,2.4304,1.9304,2.4304,1.9304,0,0.9982890992210667,0,A.1
ndefects_data/ndefects_042_data,odh-cn2,2.5228,0.98867,low,2.4799,0.2574,167.57,0.998403,high,0.007567,0.003783,1.0,high,2.9613,3.2187,2.0823,2.2384,1.7384,2.2384,1.7384,0,0.9440836167918968,0,A.1
ndefects_data/ndefects_044_data,cnm,2.2373,0.990612,low,2.2096,0.3997,155.16,0.983235,medium,0.002697,0.001349,1.0,high,2.56,2.9597,1.9222,2.0569,1.5569,2.0569,1.5569,1,0.9519893687783949,0,B.1
ndefects_data/ndefects_045_data,b10,2.4995,0.991926,low,3.1752,0.2618,291.29,0.999602,high,0.022646,0.011323,1.0,high,2.7209,2.9827,2.1782,2.3981,1.8981,2.3981,1.8981,1,0.6534001933081165,0,B.1
ndefects_data/ndefects_045_data,f10,2.4655,0.975327,low,2.4429,0.2661,384.68,0.999799,high,0.077507,0.038754,1.0,high,2.8954,3.1614,2.0397,2.173,1.673,2.173,1.673,1,0.9999999999998388,1,B.2
ndefects_data/ndefects_045_data,f12,2.6014,0.983425,low,2.9565,0.2577,322.33,0.994412,medium,0.063973,0.031986,1.0,high,2.9138,3.1715,2.068,2.3097,1.8097,2.3097,1.8097,1,0.9999999999136326,1,B.2
ndefects_data/ndefects_045_data,f2,2.4053,0.993951,low,2.3231,0.273,448.57,0.999814,high,0.071925,0.035962,1.0,high,2.8525,3.1254,2.1424,2.29,1.79,2.29,1.79,1,0.9999999999652149,1,B.2
ndefects_data/ndefects_045_data,f4,2.3929,0.9972,medium,2.2615,0.2686,424.92,0.999483,high,0.068916,0.034458,1.0,high,2.8774,3.146,2.1509,2.2986,1.7986,2.2986,1.7986,1,0.9999999999027867,1,B.2
ndefects_data/ndefects_045_data,f6,2.4594,0.982823,low,2.4654,0.2729,406.06,0.999702,high,0.068973,0.034486,1.0,high,2.9041,3.177,2.0862,2.2259,1.7259,2.2259,1.7259,1,0.9999999999495874,1,B.2
ndefects_data/ndefects_045_data,f8,2.4299,0.978228,low,2.3706,0.2161,439.15,0.998445,high,0.085215,0.042608,1.0,high,2.8908,3.1068,2.0563,2.3125,1.8125,2.3125,1.8125,1,0.9999999999999867,1,B.2
ndefects_data/ndefects_046_data,ac-cn4,2.4431,0.993468,low,2.6645,0.2157,497.26,0.99968,high,0.063893,0.031946,1.0,high,2.7827,2.9984,2.1842,2.3387,1.8387,2.3387,1.8387,1,0.999999988544996,1,B.2
ndefects_data/ndefects_046_data,cn,2.5672,0.98988,low,3.4632,0.2015,332.65,0.999976,high,0.002278,0.001139,1.0,high,2.7605,2.962,2.2579,2.4235,1.9235,2.4235,1.9235,0,0.9824478801984019,0,A.1
ndefects_data/ndefects_048_data,cnna-15,2.4058,0.989795,low,1.5641,0.3395,185.02,0.986462,medium,0.039696,0.019848,1.0,medium,2.7223,3.0618,1.9929,2.2885,1.7885,2.2885,1.7885,1,0.999999385220921,0,B.1
ndefects_data/ndefects_048_data,g-c3n4,2.5515,0.991568,low,2.2746,0.2233,269.06,0.997623,high,0.00921,0.004605,1.0,medium,2.7438,2.967,2.1695,2.4514,1.9514,2.4514,1.9514,0,0.9754759730195577,0,A.1
ndefects_data/ndefects_055_data,cn-n,2.5951,0.995027,low,2.8141,0.2793,252.81,0.999158,high,0.018095,0.009047,1.0,high,2.815,3.0943,2.0619,2.2498,1.7498,2.2498,1.7498,0,0.8431864461655497,0,A.1
ndefects_data/ndefects_055_data,cn-s,2.5864,0.997723,medium,2.8379,0.2563,277.84,0.999945,high,0.023479,0.011739,1.0,high,2.825,3.0813,2.2567,2.3918,1.8918,2.3918,1.8918,1,0.5820588417484973,0,B.1
ndefects_data/ndefects_057_data,cnt-12,2.5383,0.995166,low,2.5655,0.2056,265.54,0.999379,high,0.05904,0.02952,1.0,high,2.8062,3.0118,2.1607,2.2992,1.7992,2.2992,1.7992,1,0.9999999997757238,1,B.2
ndefects_data/ndefects_057_data,cnt-16,2.5048,0.997194,medium,2.3774,0.1792,311.91,0.99845,high,0.095342,0.047671,1.0,high,2.8326,3.0118,2.1607,2.2992,1.7992,2.2992,1.7992,1,1.0,0,B.1
ndefects_data/ndefects_057_data,cnt-8,2.4788,0.998205,medium,2.3429,0.1906,221.8,0.997895,high,0.023247,0.011623,1.0,high,2.7692,2.9598,2.2291,2.3768,1.8768,2.3768,1.8768,1,0.927007029577162,0,B.1
ndefects_data/ndefects_060_data,gcn-0tap,2.5177,0.993806,low,2.6828,0.263,617.16,0.999852,high,0.013915,0.006957,1.0,high,2.7889,3.0518,1.9914,2.2158,1.7158,2.2158,1.7158,0,0.9814788562220667,2,A.3
ndefects_data/ndefects_060_data,gcn,2.5686,0.984572,low,2.7206,0.2999,489.77,0.999976,high,0.009986,0.004993,1.0,high,2.7874,3.0873,2.1201,2.3762,1.8762,2.3762,1.8762,0,0.9849041220541036,0,A.1
ndefects_data/ndefects_062_data,cn,2.6219,0.983106,low,2.5943,0.2364,115.87,0.983324,medium,0.001722,0.000861,1.0,high,2.7541,2.9905,2.376,2.5115,2.0115,2.5115,2.0115,0,0.9972570347351184,1,A.2
ndefects_data/ndefects_067_data,cn-b,2.7709,0.998885,medium,24.7573,0.1674,124.26,0.992794,medium,1.1e-05,6e-06,1.0,high,2.8196,2.987,2.5464,2.6905,2.1905,2.6905,2.1905,0,0.9999334119097966,1,A.2
ndefects_data/ndefects_069_data,cn,2.7126,0.997545,medium,9.5665,0.2099,166.56,0.999727,high,0.002949,0.001474,1.0,high,2.8232,3.0331,2.2291,2.3682,1.8682,2.3682,1.8682,0,0.9993703496350381,1,A.2
ndefects_data/ndefects_069_data,h-cn,2.7216,0.998814,medium,9.7826,0.2286,163.99,0.999905,high,0.002678,0.001339,1.0,high,2.8489,3.0775,2.3682,2.5351,2.0351,2.5351,2.0351,0,0.9995039523448678,1,A.2
ndefects_data/ndefects_069_data,n-cn,2.6684,0.998549,medium,7.707,0.2285,305.3,0.999992,high,0.011495,0.005747,1.0,high,2.8886,3.1171,2.3404,2.4795,1.9795,2.4795,1.9795,0,0.9915792623169829,0,A.1
ndefects_data/ndefects_070_data,melon,2.531,0.993039,low,3.7526,0.2567,189.86,0.999471,high,0.00736,0.00368,1.0,high,2.7018,2.9584,2.2372,2.3994,1.8994,2.3994,1.8994,0,0.9616545042716343,0,A.1
ndefects_data/ndefects_070_data,ncn-cnx,2.5252,0.962452,low,4.2855,0.2403,307.46,0.999727,high,0.003916,0.001958,1.0,high,2.6816,2.9219,2.0787,2.2179,1.7179,2.2179,1.7179,0,0.9753201584925092,0,A.1
ndefects_data/ndefects_070_data,urea-cnx,2.7617,0.980646,low,5.758,0.1812,287.21,0.996493,high,0.009477,0.004739,1.0,high,2.8523,3.0335,2.4511,2.6471,2.1471,2.6471,2.1471,0,0.9980565646892969,0,A.1
ndefects_data/ndefects_073_data,g-c3n4,2.3879,0.989898,low,2.4119,0.4078,242.58,0.996745,high,0.070416,0.035208,1.0,high,2.6908,3.0985,2.0194,2.2571,1.7571,2.2571,1.7571,1,0.9999999999999809,0,B.1
ndefects_data/ndefects_073_data,nd-g-c3n4,2.3018,0.995487,low,2.1112,0.334,362.02,0.999929,high,0.085221,0.04261,1.0,high,2.8064,3.1404,2.0351,2.2182,1.7182,2.2182,1.7182,1,0.9999999999999991,0,B.1
ndefects_data/ndefects_077_data,g-c3n4,2.4918,0.995556,low,2.8151,0.2358,408.19,0.999824,high,0.049155,0.024578,1.0,high,2.7362,2.9721,2.2566,2.3902,1.8902,2.3902,1.8902,1,0.9999934986714751,1,B.2
ndefects_data/ndefects_080_data,cn,2.3726,0.98522,low,2.1219,0.3531,209.56,0.997479,high,0.004454,0.002227,1.0,high,2.8248,3.1779,1.9759,2.2565,1.7565,2.2565,1.7565,0,0.6874692174284084,0,A.1
ndefects_data/ndefects_080_data,cnr,2.3948,0.986135,low,2.1401,0.3956,259.94,0.999633,high,0.006512,0.003256,1.0,high,2.7938,3.1894,2.054,2.279,1.779,2.279,1.779,0,0.832463622870733,0,A.1
ndefects_data/ndefects_080_data,ir,2.3947,0.97424,low,1.9995,0.4471,785.28,0.999945,high,0.023972,0.011986,1.0,high,2.7468,3.1939,1.8453,2.0651,1.5651,2.0651,1.5651,0,0.96601242190265,2,A.3
ndefects_data/ndefects_080_data,pt,2.2468,0.97477,low,1.7537,0.361,795.55,0.998675,high,0.026499,0.013249,1.0,high,2.782,3.143,1.796,1.9658,1.4658,1.9658,1.4658,0,0.958389813510211,2,A.3
ndefects_data/ndefects_080_data,ru,2.4827,0.969951,low,2.0626,0.3294,548.05,0.998014,high,0.036752,0.018376,1.0,high,2.8663,3.1957,2.0632,2.3677,1.8677,2.3677,1.8677,1,0.9578337399241952,1,B.2
ndefects_data/ndefects_083_data,gcn-s,2.9451,0.997135,medium,15.3812,0.1641,178.36,0.999823,high,0.003242,0.001621,1.0,high,3.0545,3.2186,2.4917,2.636,2.136,2.636,2.136,0,0.9999888756855853,1,A.2
ndefects_data/ndefects_083_data,gcn,2.6602,0.997296,medium,11.8063,0.1852,154.65,0.999674,high,0.004773,0.002386,1.0,high,2.7849,2.9701,2.4263,2.5703,2.0703,2.5703,2.0703,0,0.997773680919929,1,A.2
ndefects_data/ndefects_086_data,cn-m,2.4925,0.995683,low,3.6864,0.1836,312.77,0.999865,high,0.087609,0.043804,1.0,high,2.7531,2.9368,2.2765,2.4049,1.9049,2.4049,1.9049,1,1.0,0,B.1
ndefects_data/ndefects_086_data,cn-u,2.4447,0.994135,low,3.979,0.1457,399.81,0.998615,high,0.123514,0.061757,1.0,high,2.7048,2.8505,2.1556,2.2949,1.7949,2.2949,1.7949,1,1.0,1,B.2
ndefects_data/ndefects_086_data,cn-u10m,2.5339,0.984536,low,5.0723,0.1255,338.16,0.999318,high,0.039286,0.019643,1.0,high,2.707,2.8325,2.2346,2.3847,1.8847,2.3847,1.8847,1,0.9995669444333918,1,B.2
ndefects_data/ndefects_086_data,cn-u30m,2.4577,0.985883,low,4.1444,0.1758,444.1,0.999288,high,0.127483,0.063741,1.0,high,2.6771,2.8529,2.2377,2.3617,1.8617,2.3617,1.8617,1,1.0,1,B.2
ndefects_data/ndefects_087_data,cn,2.5105,0.982111,low,3.214,0.2663,455.82,0.997073,high,0.059723,0.029862,1.0,high,2.7907,3.057,2.2243,2.411,1.911,2.411,1.911,1,0.9999999578295151,1,B.2
ndefects_data/ndefects_087_data,cn180-12,2.44,0.992223,low,2.0482,0.3834,318.64,0.999728,high,0.094481,0.043592,0.9228,high,2.8039,3.1873,1.8911,2.0244,1.563,2.0244,1.5244,1,1.0,0,B.1
ndefects_data/ndefects_087_data,cn180-4,2.5046,0.988926,low,2.7067,0.3063,279.79,0.999607,high,0.097071,0.048535,1.0,high,2.8321,3.1385,2.2286,2.4161,1.9161,2.4161,1.9161,1,1.0,0,B.1
ndefects_data/ndefects_087_data,cn180-8,2.5515,0.990768,low,2.8631,0.2882,354.34,0.999887,high,0.060643,0.030322,1.0,high,2.8374,3.1257,2.2594,2.4523,1.9523,2.4523,1.9523,1,0.9999999982544079,1,B.2
