folder,sample,E_g_eV,E_g_R2,E_g_conf,edge_slope,transition_width,E_u_meV,E_u_R2,E_u_conf,A_sub,A_sub_raw,A_sub_coverage,A_sub_conf,E_g_region_start,E_g_region_end,E_u_region_start,E_u_region_end,A_sub_region_start,A_sub_region_end,A_sub_ideal_start
cdefects_data/cdefects_002_data,u1-w0-cns,2.0933,0.998928,medium,42.3673,0.2660,90.67,0.981090,medium,0.417384,0.086529,0.4146,low,2.8519,3.1180,1.8460,1.9837,1.7764,1.9837,1.4837
cdefects_data/cdefects_003_data,bulk-g-c3n4,2.2609,0.993726,low,2.4504,0.2642,195.69,0.999890,high,0.038192,0.019096,1.0000,high,2.7060,2.9702,1.9551,2.1180,1.6180,2.1180,1.6180
cdefects_data/cdefects_003_data,g-c3n4-v,2.6601,0.985211,low,3.0364,0.2589,227.18,0.999863,high,0.020545,0.010272,1.0000,high,2.9147,3.1736,2.1705,2.3370,1.8370,2.3370,1.8370
cdefects_data/cdefects_004_data,v-g-c3n4,2.6290,0.987477,low,2.3385,0.1935,643.66,0.999874,high,0.166700,0.083350,1.0000,high,2.9799,3.1734,2.3706,2.5467,2.0467,2.5467,2.0467
cdefects_data/cdefects_006_data,scnnss,2.4667,0.999673,high,1.8859,0.3973,81.95,0.995195,high,0.080050,0.040025,1.0000,high,2.7737,3.1710,2.2565,2.3796,1.8796,2.3796,1.8796
cdefects_data/cdefects_007_data,cn-at,2.1585,0.991967,low,2.0453,0.3146,260.27,0.997308,high,0.056000,0.026909,0.9610,high,2.7460,3.0605,1.9074,2.0437,1.5631,2.0437,1.5437
cdefects_data/cdefects_007_data,cn-atas,2.2601,0.998028,medium,2.1219,0.3129,381.62,0.998402,high,0.074046,0.037023,1.0000,high,2.8369,3.1498,1.9477,2.0801,1.5801,2.0801,1.5801
cdefects_data/cdefects_007_data,cn-mix1,2.1624,0.993449,low,2.1746,0.2822,208.09,0.991305,medium,0.055600,0.027800,1.0000,high,2.7204,3.0025,1.8815,2.0647,1.5647,2.0647,1.5647
cdefects_data/cdefects_007_data,cn-mix3,2.3203,0.979660,low,2.0791,0.3042,270.21,0.999904,high,0.060254,0.030127,1.0000,high,2.8512,3.1554,1.9779,2.1166,1.6166,2.1166,1.6166
cdefects_data/cdefects_007_data,cn-mix5,2.2710,0.992015,low,2.4472,0.3146,154.44,0.999444,high,0.059720,0.027791,0.9307,high,2.7568,3.0714,1.8960,2.0228,1.5575,2.0228,1.5228
cdefects_data/cdefects_010_data,g-c3n4,2.5441,0.992825,low,2.9378,0.2573,270.86,0.999213,high,0.011983,0.005992,1.0000,high,2.7595,3.0168,2.3184,2.4464,1.9464,2.4464,1.9464
cdefects_data/cdefects_010_data,ns-g-c3n4,2.5363,0.998120,medium,2.4609,0.2262,412.98,0.998811,high,0.064433,0.032217,1.0000,high,2.9455,3.1718,2.3251,2.4539,1.9539,2.4539,1.9539
cdefects_data/cdefects_012_data,t500,2.4922,0.995754,low,2.8708,0.2360,490.68,0.999931,high,0.097370,0.048685,1.0000,high,2.8099,3.0459,2.1582,2.3991,1.8991,2.3991,1.8991
cdefects_data/cdefects_012_data,tn500,2.5769,0.995659,low,3.0923,0.2397,516.44,0.999931,high,0.092163,0.046081,1.0000,high,2.8315,3.0713,2.1632,2.3399,1.8399,2.3399,1.8399
cdefects_data/cdefects_013_data,bulk-cn,2.5131,0.994178,low,3.1915,0.2350,226.10,0.999803,high,0.000520,0.000260,1.0000,high,2.7503,2.9853,2.2178,2.3408,1.8408,2.3408,1.8408
cdefects_data/cdefects_013_data,bulk-cvcn,2.4261,0.995911,low,3.1154,0.2156,286.57,0.999879,high,0.002749,0.001375,1.0000,high,2.7234,2.9390,2.0393,2.1873,1.6873,2.1873,1.6873
cdefects_data/cdefects_014_data,g-c3n4,2.6954,0.996696,low,3.5595,0.2097,204.00,0.999800,high,0.003306,0.001653,1.0000,high,2.8492,3.0590,2.2144,2.3946,1.8946,2.3946,1.8946
cdefects_data/cdefects_014_data,h2-co2-pcn,2.6758,0.997500,medium,3.0776,0.2381,309.15,0.999326,high,0.020565,0.010282,1.0000,high,2.9200,3.1582,2.3672,2.5485,2.0485,2.5485,2.0485
cdefects_data/cdefects_015_data,un-cn,2.5685,0.988861,low,2.7951,0.3782,777.48,0.986970,medium,0.022626,0.011313,1.0000,high,2.7598,3.1380,2.0511,2.2440,1.7440,2.2440,1.7440
cdefects_data/cdefects_016_data,bcn,2.3535,0.995878,low,1.1848,0.2765,237.35,0.995091,high,0.024892,0.012446,1.0000,high,2.8799,3.1565,1.8186,2.2577,1.7577,2.2577,1.7577
cdefects_data/cdefects_016_data,pdcn,2.4210,0.999064,high,1.3594,0.3264,254.47,0.999309,high,0.049387,0.024694,1.0000,high,2.8204,3.1468,2.1673,2.3292,1.8292,2.3292,1.8292
cdefects_data/cdefects_016_data,s-cn,2.2450,0.997989,medium,1.4315,0.2258,225.46,0.999729,high,0.061701,0.027140,0.8797,high,2.7210,2.9468,1.8530,1.9911,1.5513,1.9911,1.4911
cyanodefects_data/cyanodefects_003_data,coc30,2.3018,0.989597,low,1.9365,0.3065,287.80,0.998406,high,0.085426,0.041440,0.9702,high,2.9453,3.2518,1.8922,2.0372,1.5521,2.0372,1.5372
cyanodefects_data/cyanodefects_003_data,gcn,2.6265,0.994681,low,3.1078,0.2677,254.06,0.999882,high,0.006279,0.003140,1.0000,high,2.8566,3.1243,2.1792,2.3738,1.8738,2.3738,1.8738
cyanodefects_data/cyanodefects_004_data,5bacn-c3n4,2.3936,0.993280,low,2.1798,0.2328,139.40,0.999559,high,0.005893,0.002934,0.9959,high,2.8960,3.1288,2.0722,2.3014,1.8034,2.3014,1.8014
cyanodefects_data/cyanodefects_004_data,7bacn-c3n4,2.3273,0.991324,low,1.9959,0.2423,141.04,0.999246,high,0.001545,0.000615,0.7957,medium,2.8983,3.1406,2.0457,2.1965,1.7987,2.1965,1.6965
cyanodefects_data/cyanodefects_007_data,cn-h,2.3540,0.990272,low,2.2859,0.2982,264.65,0.998872,high,0.144106,0.064058,0.8890,high,2.7979,3.0961,1.8406,2.0064,1.5619,2.0064,1.5064
cyanodefects_data/cyanodefects_007_data,cn,2.4367,0.989225,low,3.0105,0.2258,247.02,0.998383,high,0.082502,0.041251,1.0000,high,2.7769,3.0027,1.9052,2.2219,1.7219,2.2219,1.7219
cyanodefects_data/cyanodefects_007_data,mm-h,2.3864,0.994658,low,2.5812,0.2540,337.22,0.996620,high,0.152887,0.076443,1.0000,high,2.7712,3.0253,2.1101,2.2909,1.7909,2.2909,1.7909
cyanodefects_data/cyanodefects_010_data,bcn,2.5563,0.996616,low,3.3326,0.2146,147.47,0.992253,medium,0.039494,0.012175,0.6165,medium,2.7722,2.9868,2.2566,2.3806,2.0723,2.3806,1.8806
cyanodefects_data/cyanodefects_010_data,ms-450,2.5737,0.998387,medium,3.2978,0.2199,140.59,0.996132,high,0.055740,0.018895,0.6780,medium,2.8564,3.0763,2.2627,2.4171,2.0781,2.4171,1.9171
cyanodefects_data/cyanodefects_010_data,ms-500,2.5960,0.997944,medium,5.4979,0.1339,163.47,0.996649,high,0.032204,0.013335,0.8282,high,2.7710,2.9049,2.3454,2.4870,2.0730,2.4870,1.9870
cyanodefects_data/cyanodefects_010_data,ms-600,2.7891,0.997349,medium,3.5413,0.2167,268.91,0.998866,high,0.065927,0.032964,1.0000,high,3.0963,3.3130,2.5595,2.6960,2.1960,2.6960,2.1960
cyanodefects_data/cyanodefects_011_data,g-c3n4-300,2.5113,0.994609,low,3.0563,0.1994,410.91,0.999984,high,0.055205,0.027603,1.0000,high,2.8088,3.0083,2.2348,2.3720,1.8720,2.3720,1.8720
cyanodefects_data/cyanodefects_011_data,g-c3n4-350,2.3649,0.994131,low,2.2404,0.2353,350.13,0.999786,high,0.042462,0.021231,1.0000,high,2.8467,3.0820,2.1125,2.2346,1.7346,2.2346,1.7346
cyanodefects_data/cyanodefects_011_data,g-c3n4-400,2.1803,0.993038,low,1.7935,0.2816,279.71,0.999579,high,0.081306,0.040653,1.0000,high,2.8383,3.1199,1.9584,2.0853,1.5853,2.0853,1.5853
cyanodefects_data/cyanodefects_011_data,g-c3n4-425,2.0548,0.996032,low,1.5681,0.3089,175.79,0.998100,high,0.131648,0.043843,0.6661,medium,2.8073,3.1162,1.7646,1.8852,1.5522,1.8852,1.3852
cyanodefects_data/cyanodefects_011_data,g-c3n4-450,2.1478,0.989257,low,1.8415,0.2732,200.79,0.998664,high,0.136990,0.047595,0.6949,medium,2.8212,3.0943,1.7734,1.8987,1.5512,1.8987,1.3987
cyanodefects_data/cyanodefects_011_data,g-c3n4-500,2.0601,0.990056,low,1.7079,0.2885,206.20,0.997837,high,0.160347,0.055962,0.6980,medium,2.7812,3.0697,1.7778,1.9002,1.5512,1.9002,1.4002
cyanodefects_data/cyanodefects_011_data,g-c3n4-Ar-425,2.5436,0.996825,low,3.1686,0.2072,391.22,0.999952,high,0.049844,0.024922,1.0000,high,2.7932,3.0004,2.1980,2.3591,1.8591,2.3591,1.8591
cyanodefects_data/cyanodefects_011_data,g-c3n4,2.5624,0.991432,low,3.3483,0.2506,234.11,0.999805,high,0.006614,0.003307,1.0000,high,2.7799,3.0306,2.2784,2.4520,1.9520,2.4520,1.9520
cyanodefects_data/cyanodefects_013_data,a,2.4702,0.992595,low,2.6268,0.2471,285.35,0.998055,high,0.037524,0.018762,1.0000,high,2.7970,3.0441,1.9280,2.1003,1.6003,2.1003,1.6003
cyanodefects_data/cyanodefects_013_data,b,2.6440,0.988598,low,3.4339,0.1880,555.28,0.999906,high,0.101447,0.050723,1.0000,high,2.8937,3.0817,2.3013,2.4512,1.9512,2.4512,1.9512
cyanodefects_data/cyanodefects_014_data,dcn-3,2.6724,0.989689,low,3.3012,0.3513,514.84,0.999969,high,0.014332,0.007166,1.0000,high,2.8237,3.1750,2.3991,2.5625,2.0625,2.5625,2.0625
cyanodefects_data/cyanodefects_014_data,g-c3n4,2.8991,0.949091,low,3.6151,0.3400,149.81,0.999917,high,0.000171,0.000086,1.0000,high,2.9326,3.2726,2.5400,2.8016,2.3016,2.8016,2.3016
elementdoped_data/cdoped_003_data,cn,2.5604,0.988739,low,2.6457,0.1899,119.72,0.995820,high,0.124650,0.037673,0.6045,medium,3.0077,3.1976,2.1886,2.3086,2.0064,2.3086,1.8086
elementdoped_data/cdoped_003_data,tcn,2.5799,0.988742,low,2.5251,0.1604,165.31,0.995460,high,0.195964,0.070484,0.7194,medium,3.0502,3.2106,2.2409,2.3668,2.0071,2.3668,1.8668
elementdoped_data/cdoped_003_data,ucn,2.6188,0.986549,low,2.7662,0.1850,323.80,0.993846,medium,0.141080,0.068505,0.9712,high,3.0158,3.2008,2.3684,2.4943,2.0087,2.4943,1.9943
elementdoped_data/cdoped_004_data,cntcne-10,2.4472,0.996092,low,2.4292,0.2629,318.04,0.999798,high,0.021945,0.010973,1.0000,high,2.8959,3.1588,2.2234,2.3632,1.8632,2.3632,1.8632
elementdoped_data/cdoped_004_data,cntcne-120,1.8764,0.995805,low,1.4640,0.3952,110.09,0.986229,medium,0.075305,0.018584,0.4936,low,2.7792,3.1743,1.6663,1.7935,1.5467,1.7935,1.2935
elementdoped_data/cdoped_004_data,cntcne-20,2.3299,0.993260,low,2.0370,0.3097,266.85,0.999805,high,0.032763,0.016381,1.0000,high,2.8738,3.1834,1.9694,2.1252,1.6252,2.1252,1.6252
elementdoped_data/cdoped_004_data,cntcne-40,2.2271,0.995719,low,1.8461,0.3346,313.20,0.999289,high,0.048182,0.024091,1.0000,high,2.8221,3.1567,1.9344,2.0616,1.5616,2.0616,1.5616
elementdoped_data/cdoped_004_data,cntcne-60,2.0296,0.997126,medium,1.6283,0.3470,228.71,0.996188,high,0.052744,0.020943,0.7941,medium,2.8344,3.1814,1.8171,1.9489,1.5519,1.9489,1.4489
elementdoped_data/codoped_001_data,co,2.3742,0.987503,low,2.1480,0.3111,623.46,0.998013,high,0.050074,0.025037,1.0000,high,2.7282,3.0393,2.1153,2.2741,1.7741,2.2741,1.7741
elementdoped_data/codoped_001_data,fe-co,2.4048,0.994875,low,2.6000,0.2303,144.39,0.978290,low,0.063910,0.028928,0.9053,high,2.7500,2.9803,1.8927,2.0145,1.5619,2.0145,1.5145
elementdoped_data/codoped_001_data,fe,2.3806,0.977066,low,2.2700,0.2722,111.08,0.982914,medium,0.065241,0.027575,0.8453,high,2.7228,2.9950,1.8508,1.9773,1.5547,1.9773,1.4773
elementdoped_data/codoped_001_data,pure,2.3653,0.994936,low,2.4076,0.2881,175.81,0.999866,high,0.047878,0.023939,1.0000,high,2.6941,2.9823,2.0395,2.2004,1.7004,2.2004,1.7004
elementdoped_data/codoped_002_data,acn,2.1581,0.991152,low,1.7570,0.4294,342.56,0.998605,high,0.158010,0.077677,0.9832,high,2.8512,3.2806,1.9227,2.0498,1.5582,2.0498,1.5498
elementdoped_data/codoped_002_data,bcn,2.4126,0.991771,low,2.5835,0.3321,279.93,0.999127,high,0.034174,0.017087,1.0000,high,2.7395,3.0716,1.9396,2.2822,1.7822,2.2822,1.7822
elementdoped_data/cudoped_001_data,cu-cn-ar-6min,2.6874,0.998684,medium,3.1458,0.2932,282.94,0.999490,high,0.013452,0.006726,1.0000,high,2.8582,3.1514,2.3188,2.6030,2.1030,2.6030,2.1030
elementdoped_data/cudoped_001_data,cu-cn-co2-12min,2.8424,0.998512,medium,4.0803,0.2505,110.81,0.998600,high,0.000009,0.000005,1.0000,high,2.9221,3.1726,2.3324,2.5338,2.0338,2.5338,2.0338
elementdoped_data/cudoped_001_data,cu-cn-co2-6min,2.6700,0.996804,low,3.5322,0.2746,208.99,0.997989,high,0.016546,0.008273,1.0000,high,2.8314,3.1060,2.2735,2.4748,1.9748,2.4748,1.9748
elementdoped_data/cudoped_001_data,g-c3n4,2.6706,0.997782,medium,3.0315,0.3056,233.67,0.999092,high,0.022484,0.011242,1.0000,high,2.8630,3.1686,2.1599,2.3613,1.8613,2.3613,1.8613
elementdoped_data/idoped_001_data,cn,2.4550,0.995815,low,2.7336,0.2573,303.49,0.999837,high,0.042795,0.021398,1.0000,high,2.8109,3.0682,1.9775,2.1409,1.6409,2.1409,1.6409
elementdoped_data/idoped_001_data,cni10,2.1742,0.996036,low,1.9668,0.3043,179.81,0.999434,high,0.052224,0.021874,0.8377,high,2.7568,3.0612,1.8560,1.9775,1.5586,1.9775,1.4775
elementdoped_data/ladoped_001_data,0001la-doped-c3n4,2.6807,0.987655,low,32.1470,0.3047,154.36,0.999798,high,0.000118,0.000059,1.0000,high,2.7522,3.0569,2.2449,2.3927,1.8927,2.3927,1.8927
elementdoped_data/ladoped_001_data,001la-doped-c3n4,2.6911,0.987990,low,36.4772,0.2767,156.75,0.999618,high,0.000552,0.000276,1.0000,high,2.8011,3.0778,2.3000,2.5733,2.0733,2.5733,2.0733
elementdoped_data/ladoped_001_data,01la-doped-c3n4,2.6797,0.994539,low,36.4661,0.2521,148.11,0.999977,high,0.000300,0.000150,1.0000,high,2.7828,3.0350,2.3005,2.4491,1.9491,2.4491,1.9491
elementdoped_data/ladoped_001_data,05la-doped-c3n4,2.6575,0.998581,medium,44.4851,0.1561,141.82,0.998842,high,0.004379,0.002190,1.0000,high,2.8182,2.9743,2.3121,2.4595,1.9595,2.4595,1.9595
elementdoped_data/ladoped_001_data,1la-doped-c3n4,2.6908,0.996389,low,39.4786,0.2042,153.18,0.999868,high,0.001629,0.000814,1.0000,high,2.8037,3.0079,2.3658,2.5703,2.0703,2.5703,2.0703
elementdoped_data/ladoped_001_data,pure-c3n4,2.6723,0.983882,low,29.9600,0.3801,136.96,0.999880,high,0.000005,0.000002,0.9457,high,2.7181,3.0982,2.2369,2.3846,1.9118,2.3846,1.8846
elementdoped_data/nddoped_001_data,hgcn,2.0805,0.998334,medium,7.3977,0.7104,89.59,0.979869,low,0.000092,0.000044,0.9641,high,2.6094,3.3198,1.6596,1.9274,1.4453,1.9274,1.4274
elementdoped_data/nddoped_001_data,ndgcn,2.7408,0.997836,medium,8.6803,0.4439,257.04,0.997142,high,0.000180,0.000090,1.0000,high,3.0816,3.5256,2.1953,2.4631,1.9631,2.4631,1.9631
elementdoped_data/odoped_001_data,cn,2.6184,0.998556,medium,3.3858,0.2435,258.96,0.999129,high,0.010863,0.005432,1.0000,high,2.8236,3.0672,2.2989,2.5047,2.0047,2.5047,2.0047
elementdoped_data/odoped_001_data,cnca01,2.4893,0.998461,medium,2.9248,0.2667,216.37,0.997780,high,0.008226,0.004113,1.0000,high,2.7743,3.0410,2.0242,2.3667,1.8667,2.3667,1.8667
elementdoped_data/odoped_001_data,cnca02,2.2366,0.998442,medium,2.0875,0.5442,249.69,0.999668,high,0.011387,0.005694,1.0000,high,2.5787,3.1228,2.0110,2.1392,1.6392,2.1392,1.6392
elementdoped_data/odoped_001_data,cnca03,2.0760,0.998726,medium,1.8383,0.6605,196.87,0.999542,high,0.015356,0.006257,0.8150,high,2.4755,3.1360,1.8279,1.9557,1.5482,1.9557,1.4557
elementdoped_data/odoped_001_data,cnca04,1.9967,0.998565,medium,1.7340,0.6999,114.15,0.992868,medium,0.025989,0.007918,0.6093,medium,2.4177,3.1175,1.6876,1.8554,1.5508,1.8554,1.3554
elementdoped_data/odoped_002_data,cn,2.5489,0.996149,low,3.2954,0.2072,253.87,0.999919,high,0.011481,0.005740,1.0000,high,2.7288,2.9361,2.2450,2.4208,1.9208,2.4208,1.9208
elementdoped_data/odoped_002_data,oxcn1,2.7019,0.998631,medium,3.1758,0.2695,266.09,0.995295,high,0.003696,0.001848,1.0000,high,2.8764,3.1459,2.3141,2.6134,2.1134,2.6134,2.1134
elementdoped_data/odoped_002_data,oxcn2,2.7086,0.996799,low,2.7564,0.2649,212.22,0.999960,high,0.020284,0.010142,1.0000,high,2.9044,3.1693,2.3953,2.5607,2.0607,2.5607,2.0607
elementdoped_data/odoped_002_data,oxcn3,2.7538,0.973569,low,2.7945,0.2762,264.64,0.998019,high,0.012982,0.006491,1.0000,high,2.9155,3.1918,2.3675,2.5640,2.0640,2.5640,2.0640
elementdoped_data/ptdoped_001_data,g-c3n4,2.2998,0.997351,medium,1.9695,0.2829,196.30,0.999742,high,0.019842,0.009921,1.0000,high,2.8817,3.1646,1.9208,2.2107,1.7107,2.2107,1.7107
elementdoped_data/ptdoped_001_data,pt-cn-a100,2.3554,0.994867,low,2.1517,0.3393,314.66,0.999660,high,0.073377,0.036688,1.0000,high,2.7789,3.1182,1.9013,2.2522,1.7522,2.2522,1.7522
elementdoped_data/ptdoped_001_data,pt-cn-a20,2.3364,0.994493,low,2.2066,0.2923,226.25,0.999790,high,0.026213,0.013107,1.0000,high,2.7758,3.0681,1.9904,2.1477,1.6477,2.1477,1.6477
elementdoped_data/ptdoped_001_data,pt-cn-a200,2.1737,0.995595,low,1.8066,0.3169,394.50,0.999599,high,0.133297,0.066648,1.0000,high,2.7931,3.1100,1.9547,2.0846,1.5846,2.0846,1.5846
elementdoped_data/ptdoped_001_data,pt-cn-a50,2.3530,0.995857,low,2.2253,0.2888,268.93,0.999863,high,0.035328,0.017664,1.0000,high,2.7817,3.0705,1.9377,2.0652,1.5652,2.0652,1.5652
elementdoped_data/sdoped_002_data,bulk-scn,2.7213,0.999108,high,9.0169,0.2003,111.39,0.999416,high,0.000059,0.000027,0.9267,high,2.8215,3.0218,2.4518,2.6225,2.1591,2.6225,2.1225
elementdoped_data/sdoped_002_data,scnnss,2.9611,0.997500,medium,14.7823,0.1272,109.77,0.999140,high,0.000001,0.000001,1.0000,high,3.0619,3.1891,2.5939,2.7170,2.2170,2.7170,2.2170
ndefects_data/ndefects_001_data,c3n4-cl05,2.6620,0.998934,medium,5.2026,0.2300,183.07,0.998197,high,0.029741,0.011156,0.7502,medium,2.8334,3.0634,2.4543,2.5790,2.2039,2.5790,2.0790
ndefects_data/ndefects_001_data,c3n4-cl2,2.6814,0.998719,medium,6.7317,0.2317,164.54,0.998782,high,0.040739,0.015928,0.7819,medium,2.8642,3.0958,2.4721,2.5969,2.2059,2.5969,2.0969
ndefects_data/ndefects_001_data,c3n4-cl4,2.6491,0.998599,medium,7.2512,0.2147,165.80,0.999377,high,0.031063,0.011051,0.7115,medium,2.8504,3.0651,2.4413,2.5661,2.2103,2.5661,2.0661
ndefects_data/ndefects_001_data,c3n4-cl5,2.6439,0.996311,low,7.7381,0.1715,178.29,0.996827,high,0.043212,0.014269,0.6604,medium,2.8628,3.0343,2.4102,2.5424,2.2122,2.5424,2.0424
ndefects_data/ndefects_001_data,c3n4-cl6,2.5936,0.998839,medium,7.7558,0.1936,138.63,0.996284,high,0.060653,0.018375,0.6059,medium,2.8269,3.0205,2.3830,2.5078,2.2048,2.5078,2.0078
ndefects_data/ndefects_001_data,c3n4,2.6629,0.999025,high,4.2728,0.2317,146.09,0.999599,high,0.030532,0.009250,0.6059,medium,2.8334,3.0651,2.3879,2.5126,2.2097,2.5126,2.0126
ndefects_data/ndefects_002_data,02-p1-c3n4,2.5607,0.998493,medium,1.7888,0.2742,301.09,0.998692,high,0.140776,0.070388,1.0000,high,3.1755,3.4498,2.3002,2.4627,1.9627,2.4627,1.9627
ndefects_data/ndefects_002_data,02-p2-c3n4,2.5563,0.997305,medium,1.7384,0.3246,305.86,0.998059,high,0.128788,0.064394,1.0000,high,3.2103,3.5349,2.3031,2.4656,1.9656,2.4656,1.9656
ndefects_data/ndefects_002_data,08-p1-c3n4,2.6648,0.998177,medium,1.9717,0.3940,344.31,0.999805,high,0.084156,0.042078,1.0000,high,3.1383,3.5323,2.4038,2.5662,2.0662,2.5662,2.0662
ndefects_data/ndefects_002_data,08-p2-c3n4,2.2930,0.998085,medium,1.4565,0.3333,343.77,0.997948,high,0.138284,0.069142,1.0000,high,3.2328,3.5661,2.0400,2.2024,1.7024,2.2024,1.7024
ndefects_data/ndefects_002_data,32-p1-c3n4,2.6269,0.999355,high,1.9071,0.4192,348.87,0.999780,high,0.095912,0.047956,1.0000,high,3.1407,3.5599,2.1053,2.5278,2.0278,2.5278,2.0278
ndefects_data/ndefects_002_data,c3n4,2.6548,0.994952,low,2.5141,0.2685,399.36,0.999534,high,0.117150,0.058575,1.0000,high,3.0820,3.3505,2.2588,2.4375,1.9375,2.4375,1.9375
ndefects_data/ndefects_002_data,g-c3n4,2.6786,0.997095,medium,2.0357,0.2833,363.80,0.999856,high,0.166227,0.083113,1.0000,high,3.2397,3.5230,2.2026,2.3651,1.8651,2.3651,1.8651
ndefects_data/ndefects_003_data,11nhpo-c3n4,2.4413,0.990938,low,2.4354,0.2103,133.18,0.998737,high,0.091085,0.038212,0.8390,high,2.7745,2.9848,2.0601,2.1940,1.7745,2.1940,1.6940
ndefects_data/ndefects_003_data,13nhpo-c3n4,2.4804,0.997023,medium,2.4522,0.1929,142.69,0.999039,high,0.087348,0.040645,0.9307,high,2.8274,3.0204,2.1110,2.2444,1.7791,2.2444,1.7444
ndefects_data/ndefects_003_data,7nhpo-c3n4,2.4307,0.998477,medium,2.5316,0.1574,253.33,0.999095,high,0.078388,0.039194,1.0000,high,2.7756,2.9330,2.1814,2.3445,1.8445,2.3445,1.8445
ndefects_data/ndefects_003_data,9nhpo-c3n4,2.4305,0.993166,low,2.4249,0.2036,87.56,0.999090,high,0.093521,0.028615,0.6119,medium,2.7660,2.9696,1.9498,2.0804,1.7745,2.0804,1.5804
ndefects_data/ndefects_003_data,c3n4,2.4324,0.998640,medium,2.5392,0.1524,195.67,0.999638,high,0.091104,0.045552,1.0000,high,2.7869,2.9393,2.1998,2.3445,1.8445,2.3445,1.8445
ndefects_data/ndefects_004_data,a-c3n4,2.5728,0.997983,medium,3.1575,0.2062,236.18,0.999867,high,0.003336,0.001668,1.0000,high,2.7975,3.0037,2.2602,2.4786,1.9786,2.4786,1.9786
ndefects_data/ndefects_004_data,b-c3n4,2.0445,0.997742,medium,1.4336,0.3494,211.23,0.997800,high,0.059030,0.024118,0.8171,high,2.8240,3.1734,1.7597,1.9616,1.5530,1.9616,1.4616
ndefects_data/ndefects_005_data,p-c3n4,2.8600,0.997765,medium,4.6866,0.1389,273.22,0.999137,high,0.008144,0.004072,1.0000,medium,3.0229,3.1618,2.3157,2.7316,2.2316,2.7316,2.2316
ndefects_data/ndefects_005_data,pncn1-c3n4,1.9384,0.996441,low,1.4262,0.1758,178.83,0.994199,medium,0.016953,0.006404,0.7554,medium,2.9088,3.0847,1.6330,1.8294,1.4517,1.8294,1.3294
ndefects_data/ndefects_006_data,cn,2.4996,0.997100,medium,2.1346,0.2837,231.40,0.999879,high,0.006054,0.003027,1.0000,high,2.8372,3.1209,2.1564,2.3471,1.8471,2.3471,1.8471
ndefects_data/ndefects_006_data,ncn,2.4807,0.981214,low,2.6923,0.1868,379.72,0.996029,high,0.362819,0.181410,1.0000,high,3.0323,3.2191,2.1937,2.3843,1.8843,2.3843,1.8843
ndefects_data/ndefects_007_data,cn,2.7698,0.999277,high,9.9423,0.2713,215.18,0.999724,high,0.001601,0.000801,1.0000,high,2.9106,3.1818,2.2525,2.4601,1.9601,2.4601,1.9601
ndefects_data/ndefects_007_data,cn10,2.7714,0.998306,medium,9.9219,0.1881,422.50,0.999932,high,0.006714,0.003357,1.0000,high,3.0047,3.1928,2.4724,2.6798,2.1798,2.6798,2.1798
ndefects_data/ndefects_007_data,cn15,2.7246,0.998268,medium,9.4799,0.1895,426.41,0.999560,high,0.006830,0.003415,1.0000,high,2.9812,3.1708,2.4629,2.6358,2.1358,2.6358,2.1358
ndefects_data/ndefects_007_data,cn5,2.7883,0.995740,low,10.4345,0.1846,314.76,0.999867,high,0.002495,0.001247,1.0000,high,2.9751,3.1598,2.4285,2.6360,2.1360,2.6360,2.1360
ndefects_data/ndefects_008_data,g-c3n4-001,2.4658,0.992691,low,2.3248,0.2563,184.72,0.997697,high,0.057306,0.028653,1.0000,high,2.7923,3.0486,2.1907,2.3315,1.8315,2.3315,1.8315
ndefects_data/ndefects_008_data,g-c3n4-003,2.4260,0.993287,low,2.3306,0.2440,145.33,0.998185,high,0.050926,0.025463,1.0000,high,2.7727,3.0167,1.8964,2.2688,1.7688,2.2688,1.7688
ndefects_data/ndefects_008_data,g-c3n4-005,2.4043,0.997547,medium,2.1766,0.2433,90.08,0.998725,high,0.049965,0.024982,1.0000,high,2.7976,3.0409,2.0017,2.1854,1.6854,2.1854,1.6854
ndefects_data/ndefects_008_data,g-c3n4-007,2.3459,0.996703,low,2.0536,0.2725,166.57,0.999421,high,0.038503,0.019251,1.0000,high,2.7899,3.0624,2.0502,2.1973,1.6973,2.1973,1.6973
ndefects_data/ndefects_008_data,g-c3n4,2.4385,0.996848,low,2.1435,0.2804,239.04,0.994215,medium,0.037840,0.018920,1.0000,high,2.7875,3.0680,2.1949,2.3342,1.8342,2.3342,1.8342
ndefects_data/ndefects_009_data,1egcn,2.5006,0.987758,low,3.0152,0.2663,275.53,0.999968,high,0.005824,0.002842,0.9760,high,2.7850,3.0514,2.1179,2.2570,1.7690,2.2570,1.7570
ndefects_data/ndefects_009_data,3egcn,2.4486,0.986748,low,3.0359,0.3008,309.42,0.999765,high,0.076315,0.038158,1.0000,high,2.7364,3.0372,2.1814,2.3293,1.8293,2.3293,1.8293
ndefects_data/ndefects_009_data,4egcn,2.3697,0.990582,low,2.7687,0.3178,444.22,0.999423,high,0.048533,0.024267,1.0000,high,2.7336,3.0514,2.0557,2.2146,1.7146,2.2146,1.7146
ndefects_data/ndefects_009_data,bcn,2.5855,0.997954,medium,3.7232,0.1697,86.82,0.975458,low,0.010864,0.003379,0.6221,medium,2.7877,2.9575,2.3065,2.4725,2.1615,2.4725,1.9725
ndefects_data/ndefects_010_data,d3-g-c3n4,2.3397,0.999484,high,1.5938,0.3736,151.87,0.999645,high,0.000953,0.000476,1.0000,high,2.7889,3.1625,1.9914,2.1896,1.6896,2.1896,1.6896
ndefects_data/ndefects_010_data,g-c3n4,2.5911,0.994754,low,2.8703,0.1857,236.77,0.999856,high,0.002699,0.001350,1.0000,high,2.7889,2.9746,2.2232,2.4276,1.9276,2.4276,1.9276
ndefects_data/ndefects_021_data,bcn,2.5929,0.994206,low,3.4059,0.2136,318.12,0.999979,high,0.020460,0.010230,1.0000,high,2.7858,2.9994,2.0548,2.1934,1.6934,2.1934,1.6934
ndefects_data/ndefects_021_data,tpcn2,2.4700,0.994660,low,2.0436,0.2910,358.30,0.999949,high,0.026661,0.013331,1.0000,high,2.8311,3.1221,2.0811,2.2234,1.7234,2.2234,1.7234
ndefects_data/ndefects_021_data,tpcn5,2.4424,0.992993,low,1.7434,0.3104,300.13,0.999934,high,0.016267,0.008134,1.0000,high,2.8220,3.1324,1.9559,2.0811,1.5811,2.0811,1.5811
ndefects_data/ndefects_021_data,tpcn8,2.4815,0.995563,low,2.0488,0.2740,505.51,0.999911,high,0.041785,0.020893,1.0000,high,2.8480,3.1220,2.1206,2.2686,1.7686,2.2686,1.7686
ndefects_data/ndefects_030_data,cn,2.4327,0.983501,low,2.1144,0.3750,210.25,0.999689,high,0.053351,0.026675,1.0000,high,2.6356,3.0106,1.9609,2.0882,1.5882,2.0882,1.5882
ndefects_data/ndefects_030_data,vcn-500,2.3568,0.973534,low,1.7396,0.4222,661.55,0.999925,high,0.137508,0.068754,1.0000,high,2.6592,3.0814,2.0493,2.1888,1.6888,2.1888,1.6888
ndefects_data/ndefects_030_data,vcn-550,2.2780,0.977535,low,1.8741,0.4096,260.86,0.999017,high,0.113710,0.053481,0.9407,high,2.6234,3.0330,1.8481,2.0218,1.5515,2.0218,1.5218
ndefects_data/ndefects_030_data,vcn-600,2.2157,0.984345,low,1.8228,0.3558,281.94,0.999733,high,0.113986,0.052891,0.9280,high,2.6487,3.0045,1.8775,2.0189,1.5549,2.0189,1.5189
ndefects_data/ndefects_038_data,125agi-cn,2.4176,0.996099,low,2.8451,0.2329,292.82,0.999873,high,0.041525,0.020763,1.0000,high,2.7326,2.9655,2.0744,2.2725,1.7725,2.2725,1.7725
ndefects_data/ndefects_038_data,25agi-cn,2.3973,0.998205,medium,2.9154,0.2018,239.85,0.998554,high,0.062481,0.030070,0.9625,high,2.7467,2.9485,1.9034,2.0376,1.5563,2.0376,1.5376
ndefects_data/ndefects_038_data,5agi-cn,2.3689,0.997431,medium,2.8564,0.1985,265.56,0.999929,high,0.055051,0.027525,1.0000,high,2.7182,2.9166,2.0799,2.2432,1.7432,2.2432,1.7432
ndefects_data/ndefects_038_data,cn,2.4202,0.995148,low,2.6967,0.2270,354.91,0.999679,high,0.061292,0.030646,1.0000,high,2.7494,2.9764,2.1249,2.3332,1.8332,2.3332,1.8332
ndefects_data/ndefects_039_data,a,2.5097,0.989409,low,2.9366,0.2376,358.60,0.999262,high,0.002040,0.001020,1.0000,high,2.7325,2.9701,2.1953,2.3975,1.8975,2.3975,1.8975
ndefects_data/ndefects_039_data,d,1.9547,0.987601,low,1.2405,0.3412,165.99,0.994043,medium,0.077039,0.022862,0.5935,medium,2.8332,3.1744,1.7296,1.8527,1.5559,1.8527,1.3527
ndefects_data/ndefects_039_data,e,1.9937,0.974178,low,1.2478,0.3846,179.37,0.999508,high,0.090304,0.031686,0.7018,medium,2.8170,3.2016,1.7508,1.8998,1.5489,1.8998,1.3998
ndefects_data/ndefects_039_data,f,2.1223,0.960938,low,1.3608,0.3621,190.16,0.999807,high,0.095297,0.046514,0.9762,high,2.8370,3.1992,1.8271,2.0420,1.5539,2.0420,1.5420
ndefects_data/ndefects_040_data,a,2.4633,0.997566,medium,2.9011,0.2076,276.62,0.999821,high,0.002583,0.001291,1.0000,high,2.7387,2.9463,2.1232,2.3809,1.8809,2.3809,1.8809
ndefects_data/ndefects_040_data,b,2.3049,0.996923,low,2.3564,0.2416,253.70,0.999957,high,0.025717,0.012859,1.0000,high,2.6971,2.9386,2.0647,2.2101,1.7101,2.2101,1.7101
ndefects_data/ndefects_040_data,c,1.9639,0.993992,low,1.5517,0.3137,144.42,0.992916,medium,0.064744,0.018635,0.5756,medium,2.6646,2.9783,1.7208,1.8421,1.5542,1.8421,1.3421
ndefects_data/ndefects_042_data,cn,2.6869,0.992928,low,2.8905,0.2288,229.98,0.999677,high,0.002804,0.001402,1.0000,high,2.9204,3.1492,2.3878,2.5952,2.0952,2.5952,2.0952
ndefects_data/ndefects_042_data,odh-cn1,2.7033,0.979404,low,3.2484,0.2326,256.18,0.997344,high,0.002053,0.001026,1.0000,high,2.9616,3.1942,2.2475,2.4304,1.9304,2.4304,1.9304
ndefects_data/ndefects_042_data,odh-cn2,2.5228,0.988670,low,2.4799,0.2574,167.57,0.998403,high,0.007567,0.003783,1.0000,high,2.9613,3.2187,2.0823,2.2384,1.7384,2.2384,1.7384
ndefects_data/ndefects_044_data,cnm,2.2373,0.990612,low,2.2096,0.3997,155.16,0.983235,medium,0.002697,0.001349,1.0000,high,2.5600,2.9597,1.9222,2.0569,1.5569,2.0569,1.5569
ndefects_data/ndefects_045_data,b10,2.4995,0.991926,low,3.1752,0.2618,291.29,0.999602,high,0.022646,0.011323,1.0000,high,2.7209,2.9827,2.1782,2.3981,1.8981,2.3981,1.8981
ndefects_data/ndefects_045_data,f10,2.4655,0.975327,low,2.4429,0.2661,384.68,0.999799,high,0.077507,0.038754,1.0000,high,2.8954,3.1614,2.0397,2.1730,1.6730,2.1730,1.6730
ndefects_data/ndefects_045_data,f12,2.6014,0.983425,low,2.9565,0.2577,322.33,0.994412,medium,0.063973,0.031986,1.0000,high,2.9138,3.1715,2.0680,2.3097,1.8097,2.3097,1.8097
ndefects_data/ndefects_045_data,f2,2.4053,0.993951,low,2.3231,0.2730,448.57,0.999814,high,0.071925,0.035962,1.0000,high,2.8525,3.1254,2.1424,2.2900,1.7900,2.2900,1.7900
ndefects_data/ndefects_045_data,f4,2.3929,0.997200,medium,2.2615,0.2686,424.92,0.999483,high,0.068916,0.034458,1.0000,high,2.8774,3.1460,2.1509,2.2986,1.7986,2.2986,1.7986
ndefects_data/ndefects_045_data,f6,2.4594,0.982823,low,2.4654,0.2729,406.06,0.999702,high,0.068973,0.034486,1.0000,high,2.9041,3.1770,2.0862,2.2259,1.7259,2.2259,1.7259
ndefects_data/ndefects_045_data,f8,2.4299,0.978228,low,2.3706,0.2161,439.15,0.998445,high,0.085215,0.042608,1.0000,high,2.8908,3.1068,2.0563,2.3125,1.8125,2.3125,1.8125
ndefects_data/ndefects_046_data,ac-cn4,2.4431,0.993468,low,2.6645,0.2157,497.26,0.999680,high,0.063893,0.031946,1.0000,high,2.7827,2.9984,2.1842,2.3387,1.8387,2.3387,1.8387
ndefects_data/ndefects_046_data,cn,2.5672,0.989880,low,3.4632,0.2015,332.65,0.999976,high,0.002278,0.001139,1.0000,high,2.7605,2.9620,2.2579,2.4235,1.9235,2.4235,1.9235
ndefects_data/ndefects_048_data,cnna-15,2.4058,0.989795,low,1.5641,0.3395,185.02,0.986462,medium,0.039696,0.019848,1.0000,medium,2.7223,3.0618,1.9929,2.2885,1.7885,2.2885,1.7885
ndefects_data/ndefects_048_data,g-c3n4,2.5515,0.991568,low,2.2746,0.2233,269.06,0.997623,high,0.009210,0.004605,1.0000,medium,2.7438,2.9670,2.1695,2.4514,1.9514,2.4514,1.9514
ndefects_data/ndefects_055_data,cn-n,2.5951,0.995027,low,2.8141,0.2793,252.81,0.999158,high,0.018095,0.009047,1.0000,high,2.8150,3.0943,2.0619,2.2498,1.7498,2.2498,1.7498
ndefects_data/ndefects_055_data,cn-s,2.5864,0.997723,medium,2.8379,0.2563,277.84,0.999945,high,0.023479,0.011739,1.0000,high,2.8250,3.0813,2.2567,2.3918,1.8918,2.3918,1.8918
ndefects_data/ndefects_057_data,cn,2.5506,0.995887,low,3.1620,0.1543,137.92,0.999493,high,0.017518,0.006241,0.7125,medium,2.7596,2.9139,2.0110,2.1327,1.7765,2.1327,1.6327
ndefects_data/ndefects_057_data,cnt-12,2.5383,0.995166,low,2.5655,0.2056,265.54,0.999379,high,0.059040,0.029520,1.0000,high,2.8062,3.0118,2.1607,2.2992,1.7992,2.2992,1.7992
ndefects_data/ndefects_057_data,cnt-16,2.5048,0.997194,medium,2.3774,0.1792,311.91,0.998450,high,0.095342,0.047671,1.0000,high,2.8326,3.0118,2.1607,2.2992,1.7992,2.2992,1.7992
ndefects_data/ndefects_057_data,cnt-8,2.4788,0.998205,medium,2.3429,0.1906,221.80,0.997895,high,0.023247,0.011623,1.0000,high,2.7692,2.9598,2.2291,2.3768,1.8768,2.3768,1.8768
ndefects_data/ndefects_060_data,gcn-0tap,2.5177,0.993806,low,2.6828,0.2630,617.16,0.999852,high,0.013915,0.006957,1.0000,high,2.7889,3.0518,1.9914,2.2158,1.7158,2.2158,1.7158
ndefects_data/ndefects_060_data,gcn,2.5686,0.984572,low,2.7206,0.2999,489.77,0.999976,high,0.009986,0.004993,1.0000,high,2.7874,3.0873,2.1201,2.3762,1.8762,2.3762,1.8762
ndefects_data/ndefects_062_data,cn,2.6219,0.983106,low,2.5943,0.2364,115.87,0.983324,medium,0.001722,0.000861,1.0000,high,2.7541,2.9905,2.3760,2.5115,2.0115,2.5115,2.0115
ndefects_data/ndefects_067_data,cn-b,2.7709,0.998885,medium,24.7573,0.1674,124.26,0.992794,medium,0.000011,0.000006,1.0000,high,2.8196,2.9870,2.5464,2.6905,2.1905,2.6905,2.1905
ndefects_data/ndefects_069_data,cn,2.7126,0.997545,medium,9.5665,0.2099,166.56,0.999727,high,0.002949,0.001474,1.0000,high,2.8232,3.0331,2.2291,2.3682,1.8682,2.3682,1.8682
ndefects_data/ndefects_069_data,h-cn,2.7216,0.998814,medium,9.7826,0.2286,163.99,0.999905,high,0.002678,0.001339,1.0000,high,2.8489,3.0775,2.3682,2.5351,2.0351,2.5351,2.0351
ndefects_data/ndefects_069_data,n-cn,2.6684,0.998549,medium,7.7070,0.2285,305.30,0.999992,high,0.011495,0.005747,1.0000,high,2.8886,3.1171,2.3404,2.4795,1.9795,2.4795,1.9795
ndefects_data/ndefects_070_data,melon,2.5310,0.993039,low,3.7526,0.2567,189.86,0.999471,high,0.007360,0.003680,1.0000,high,2.7018,2.9584,2.2372,2.3994,1.8994,2.3994,1.8994
ndefects_data/ndefects_070_data,ncn-cnx,2.5252,0.962452,low,4.2855,0.2403,307.46,0.999727,high,0.003916,0.001958,1.0000,high,2.6816,2.9219,2.0787,2.2179,1.7179,2.2179,1.7179
ndefects_data/ndefects_070_data,urea-cnx,2.7617,0.980646,low,5.7580,0.1812,287.21,0.996493,high,0.009477,0.004739,1.0000,high,2.8523,3.0335,2.4511,2.6471,2.1471,2.6471,2.1471
ndefects_data/ndefects_073_data,g-c3n4,2.3879,0.989898,low,2.4119,0.4078,242.58,0.996745,high,0.070416,0.035208,1.0000,high,2.6908,3.0985,2.0194,2.2571,1.7571,2.2571,1.7571
ndefects_data/ndefects_073_data,nd-g-c3n4,2.3018,0.995487,low,2.1112,0.3340,362.02,0.999929,high,0.085221,0.042610,1.0000,high,2.8064,3.1404,2.0351,2.2182,1.7182,2.2182,1.7182
ndefects_data/ndefects_077_data,g-c3n4,2.4918,0.995556,low,2.8151,0.2358,408.19,0.999824,high,0.049155,0.024578,1.0000,high,2.7362,2.9721,2.2566,2.3902,1.8902,2.3902,1.8902
ndefects_data/ndefects_080_data,cn,2.3726,0.985220,low,2.1219,0.3531,209.56,0.997479,high,0.004454,0.002227,1.0000,high,2.8248,3.1779,1.9759,2.2565,1.7565,2.2565,1.7565
ndefects_data/ndefects_080_data,cnr,2.3948,0.986135,low,2.1401,0.3956,259.94,0.999633,high,0.006512,0.003256,1.0000,high,2.7938,3.1894,2.0540,2.2790,1.7790,2.2790,1.7790
ndefects_data/ndefects_080_data,ir,2.3947,0.974240,low,1.9995,0.4471,785.28,0.999945,high,0.023972,0.011986,1.0000,high,2.7468,3.1939,1.8453,2.0651,1.5651,2.0651,1.5651
ndefects_data/ndefects_080_data,pt,2.2468,0.974770,low,1.7537,0.3610,795.55,0.998675,high,0.026499,0.013249,1.0000,high,2.7820,3.1430,1.7960,1.9658,1.4658,1.9658,1.4658
ndefects_data/ndefects_080_data,ru,2.4827,0.969951,low,2.0626,0.3294,548.05,0.998014,high,0.036752,0.018376,1.0000,high,2.8663,3.1957,2.0632,2.3677,1.8677,2.3677,1.8677
ndefects_data/ndefects_083_data,gcn-s,2.9451,0.997135,medium,15.3812,0.1641,178.36,0.999823,high,0.003242,0.001621,1.0000,high,3.0545,3.2186,2.4917,2.6360,2.1360,2.6360,2.1360
ndefects_data/ndefects_083_data,gcn,2.6602,0.997296,medium,11.8063,0.1852,154.65,0.999674,high,0.004773,0.002386,1.0000,high,2.7849,2.9701,2.4263,2.5703,2.0703,2.5703,2.0703
ndefects_data/ndefects_086_data,cn-m,2.4925,0.995683,low,3.6864,0.1836,312.77,0.999865,high,0.087609,0.043804,1.0000,high,2.7531,2.9368,2.2765,2.4049,1.9049,2.4049,1.9049
ndefects_data/ndefects_086_data,cn-u,2.4447,0.994135,low,3.9790,0.1457,399.81,0.998615,high,0.123514,0.061757,1.0000,high,2.7048,2.8505,2.1556,2.2949,1.7949,2.2949,1.7949
ndefects_data/ndefects_086_data,cn-u10m,2.5339,0.984536,low,5.0723,0.1255,338.16,0.999318,high,0.039286,0.019643,1.0000,high,2.7070,2.8325,2.2346,2.3847,1.8847,2.3847,1.8847
ndefects_data/ndefects_086_data,cn-u30m,2.4577,0.985883,low,4.1444,0.1758,444.10,0.999288,high,0.127483,0.063741,1.0000,high,2.6771,2.8529,2.2377,2.3617,1.8617,2.3617,1.8617
ndefects_data/ndefects_087_data,cn,2.5105,0.982111,low,3.2140,0.2663,455.82,0.997073,high,0.059723,0.029862,1.0000,high,2.7907,3.0570,2.2243,2.4110,1.9110,2.4110,1.9110
ndefects_data/ndefects_087_data,cn180-12,2.4400,0.992223,low,2.0482,0.3834,318.64,0.999728,high,0.094481,0.043592,0.9228,high,2.8039,3.1873,1.8911,2.0244,1.5630,2.0244,1.5244
ndefects_data/ndefects_087_data,cn180-4,2.5046,0.988926,low,2.7067,0.3063,279.79,0.999607,high,0.097071,0.048535,1.0000,high,2.8321,3.1385,2.2286,2.4161,1.9161,2.4161,1.9161
ndefects_data/ndefects_087_data,cn180-8,2.5515,0.990768,low,2.8631,0.2882,354.34,0.999887,high,0.060643,0.030322,1.0000,high,2.8374,3.1257,2.2594,2.4523,1.9523,2.4523,1.9523
