1.5596785080753968, 0.013809676508089286
1.592336997399288, 0.007113208171409369
1.6250018897207918, 0.0030953271694014184
1.6576827895363277, 0.005773914504073385
1.6903572863542509, 0.005773914504073385
1.7230333839215772, 0.006443561337741155
1.7557350934793545, 0.017827557510097236
1.7884095902972776, 0.017827557510097236
1.821077684117588, 0.015148970175425713
1.8537297704438664, 0.005773914504073385
1.8864042672617896, 0.005773914504073385
1.9190787640797127, 0.005773914504073385
1.9517548616470388, 0.006443561337741155
1.9844517689566068, 0.015818617009093483
2.0171310680227394, 0.017827557510097236
2.0498055648406623, 0.017827557510097236
2.0824704571621666, 0.013809676508089286
2.1151497562282993, 0.015818617009093483
2.147829055294432, 0.017827557510097236
2.180503552112355, 0.017827557510097236
2.2131892541761005, 0.022515085345772956
2.2458717547410396, 0.025863319514113137
2.2785462515589625, 0.025863319514113137
2.311223949875692, 0.027202613181449564
2.343911252688841, 0.032559787850793054
2.37658895100557, 0.03389908151812948
2.409263447823493, 0.03389908151812948
2.4419555528848518, 0.04126519668847761
2.474641254948597, 0.04595272452415333
2.507325356262939, 0.04997060552616128
2.540019062073701, 0.05800636753017718
2.5727063648868493, 0.06336354219952112
2.605401671447014, 0.07206895103720523
2.638093776508372, 0.07943506620755336
2.67079068381794, 0.0888101218789048
2.7034907926263143, 0.09952447121759311
2.7361925021840916, 0.11090846738994875
2.7688990139900787, 0.12430140406330903
2.801611928793678, 0.14037292807134083
2.8343360488430998, 0.1611319799150488
2.867076176386554, 0.18858750009543668
2.899837113672249, 0.22474842911350867
2.93261085695317, 0.2662665328009246
2.9653926039811074, 0.31113287065668027
2.99816218531358, 0.350909892576559
3.0267212427295043, 0.38966418115047263
3.047036997862946, 0.4563505697292545
3.063891517007624, 0.5100179802560754
3.080746036152302, 0.5636853907828967
3.0977676430442087, 0.6330097820397644
3.110638521978875, 0.7016709040518565
3.124713591331248, 0.7678320112182542
3.132726942843619, 0.8294395199157103
3.1467900599337812, 0.8906005973907205
3.154794233816241, 0.9483687975751467
3.1612843121965364, 1.0055566371703937
3.1745311995433956, 1.0687904310353287
3.1851226723088484, 1.1060036622205933
3.1934433677066325, 1.1696201114190532
3.2135381085480157, 1.2227454268900475
3.2411983791293393, 1.2651969776789398
3.2725876196991734, 1.2452902036235367
3.305279724760532, 1.2526563187938846
3.3393976973527817, 1.2869757190193696
3.3708304128211797, 1.3370318198360522
3.4035289208801505, 1.3470765223410723
3.4361617982135915, 1.3296657046657043
3.468785071050612, 1.3082370059883286
3.501424351381665, 1.2935047756476326
3.5341020496983946, 1.2948440693149685
3.5667813487645272, 1.2968530098159725
3.5994718530764818, 1.3035494781526524
3.6321719618848567, 1.3142638274913405
3.6649072871801005, 1.3397104071707244
3.6976634222175866, 1.3738623956877922
3.730416355756266, 1.4066750905375243
3.763164487046736, 1.4374788448862519
3.7958982115925766, 1.462255777731968
3.828620730892596, 1.4823451827420078
3.861344850942018, 1.503104234585716
3.894062567993827, 1.5211846990947517
3.926781885795039, 1.5399348104374555
3.9595076065938644, 1.5613635091148317
3.992225323645674, 1.5794439736238677
4.024943040697483, 1.5975244381329035
4.057679966742131, 1.6236406646459554
4.090404086791553, 1.644399716489663
4.12314581508441, 1.672524883503719
4.15588914412667, 1.701319697351443
4.188630872419528, 1.729444864365499
4.221388608206416, 1.764266499716235
4.2541287357498705, 1.7917220198966226
4.286867262543921, 1.8185078932433427
4.3195897818439395, 1.8385972982533827
4.352294692900523, 1.8513205880930743
4.384996402458301, 1.8627045842654306
4.417704515013691, 1.8767671677724584
4.450404623822065, 1.8874815171111463
4.480372253399193, 1.8941779854478262
